-- MariaDB dump 10.19-11.2.2-MariaDB, for Linux (x86_64)
--
-- Host: localhost    Database: nutricao
-- ------------------------------------------------------
-- Server version	11.2.2-MariaDB

/*!40101 SET @OLD_CHARACTER_SET_CLIENT=@@CHARACTER_SET_CLIENT */;
/*!40101 SET @OLD_CHARACTER_SET_RESULTS=@@CHARACTER_SET_RESULTS */;
/*!40101 SET @OLD_COLLATION_CONNECTION=@@COLLATION_CONNECTION */;
/*!40101 SET NAMES utf8mb4 */;
/*!40103 SET @OLD_TIME_ZONE=@@TIME_ZONE */;
/*!40103 SET TIME_ZONE='+00:00' */;
/*!40014 SET @OLD_UNIQUE_CHECKS=@@UNIQUE_CHECKS, UNIQUE_CHECKS=0 */;
/*!40014 SET @OLD_FOREIGN_KEY_CHECKS=@@FOREIGN_KEY_CHECKS, FOREIGN_KEY_CHECKS=0 */;
/*!40101 SET @OLD_SQL_MODE=@@SQL_MODE, SQL_MODE='NO_AUTO_VALUE_ON_ZERO' */;
/*!40111 SET @OLD_SQL_NOTES=@@SQL_NOTES, SQL_NOTES=0 */;

--
-- Table structure for table `food`
--

DROP TABLE IF EXISTS `food`;
/*!40101 SET @saved_cs_client     = @@character_set_client */;
/*!40101 SET character_set_client = utf8 */;
CREATE TABLE `food` (
  `id` int(11) NOT NULL AUTO_INCREMENT,
  `food` varchar(255) NOT NULL,
  `food_class` int(11) NOT NULL,
  `origin` int(11) NOT NULL,
  PRIMARY KEY (`id`),
  KEY `food_class_fk` (`food_class`),
  CONSTRAINT `food_class_fk` FOREIGN KEY (`food_class`) REFERENCES `food_class` (`id`)
) ENGINE=InnoDB AUTO_INCREMENT=1024 DEFAULT CHARSET=utf8mb4 COLLATE=utf8mb4_unicode_520_ci;
/*!40101 SET character_set_client = @saved_cs_client */;

--
-- Dumping data for table `food`
--

LOCK TABLES `food` WRITE;
/*!40000 ALTER TABLE `food` DISABLE KEYS */;
INSERT INTO `food` VALUES
(1,'Arroz, integral, cozido',1,1),
(2,'Arroz, integral, cru',1,1),
(3,'Arroz, tipo 1, cozido',1,1),
(4,'Arroz, tipo 1, cru',1,1),
(5,'Arroz, tipo 2, cozido',1,1),
(6,'Arroz, tipo 2, cru',1,1),
(7,'Aveia, flocos, crua',1,1),
(8,'Biscoito, doce, maisena',1,1),
(9,'Biscoito, doce, recheado com chocolate',1,1),
(10,'Biscoito, doce, recheado com morango',1,1),
(11,'Biscoito, doce, wafer, recheado de chocolate',1,1),
(12,'Biscoito, doce, wafer, recheado de morango',1,1),
(13,'Biscoito, salgado, cream cracker',1,1),
(14,'Bolo, mistura para',1,1),
(15,'Bolo, pronto, aipim',1,1),
(16,'Bolo, pronto, chocolate',1,1),
(17,'Bolo, pronto, coco',1,1),
(18,'Bolo, pronto, milho',1,1),
(19,'Canjica, branca, crua',1,1),
(20,'Canjica, com leite integral',1,1),
(21,'Cereais, milho, flocos, com sal',1,1),
(22,'Cereais, milho, flocos, sem sal',1,1),
(23,'Cereais, mingau, milho, infantil',1,1),
(24,'Cereais, mistura para vitamina, trigo, cevada e aveia',1,1),
(25,'Cereal matinal, milho',1,1),
(26,'Cereal matinal, milho, açúcar',1,1),
(27,'Creme de arroz, pó',1,1),
(28,'Creme de milho, pó',1,1),
(29,'Curau, milho verde',1,1),
(30,'Curau, milho verde, mistura para',1,1),
(31,'Farinha, de arroz, enriquecida',1,1),
(32,'Farinha, de centeio, integral',1,1),
(33,'Farinha, de milho, amarela',1,1),
(34,'Farinha, de rosca',1,1),
(35,'Farinha, de trigo',1,1),
(36,'Farinha, láctea, de cereais',1,1),
(37,'Lasanha, massa fresca, cozida',1,1),
(38,'Lasanha, massa fresca, crua',1,1),
(39,'Macarrão, instantâneo',1,1),
(40,'Macarrão, trigo, cru',1,1),
(41,'Macarrão, trigo, cru, com ovos',1,1),
(42,'Milho, amido, cru',1,1),
(43,'Milho, fubá, cru',1,1),
(44,'Milho, verde, cru',1,1),
(45,'Milho, verde, enlatado, drenado',1,1),
(46,'Mingau tradicional, pó',1,1),
(47,'Pamonha, barra para cozimento, pré-cozida',1,1),
(48,'Pão, aveia, forma',1,1),
(49,'Pão, de soja',1,1),
(50,'Pão, glúten, forma',1,1),
(51,'Pão, milho, forma',1,1),
(52,'Pão, trigo, forma, integral',1,1),
(53,'Pão, trigo, francês',1,1),
(54,'Pão, trigo, sovado',1,1),
(55,'Pastel, de carne, cru',1,1),
(56,'Pastel, de carne, frito',1,1),
(57,'Pastel, de queijo, cru',1,1),
(58,'Pastel, de queijo, frito',1,1),
(59,'Pastel, massa, crua',1,1),
(60,'Pastel, massa, frita',1,1),
(61,'Pipoca, com óleo de soja, sem sal',1,1),
(62,'Polenta, pré-cozida',1,1),
(63,'Torrada, pão francês',1,1),
(64,'Abóbora, cabotian, cozida',2,1),
(65,'Abóbora, cabotian, crua',2,1),
(66,'Abóbora, menina brasileira, crua',2,1),
(67,'Abóbora, moranga, crua',2,1),
(68,'Abóbora, moranga, refogada',2,1),
(69,'Abóbora, pescoço, crua',2,1),
(70,'Abobrinha, italiana, cozida',2,1),
(71,'Abobrinha, italiana, crua',2,1),
(72,'Abobrinha, italiana, refogada',2,1),
(73,'Abobrinha, paulista, crua',2,1),
(74,'Acelga, crua',2,1),
(75,'Agrião, cru',2,1),
(76,'Aipo, cru',2,1),
(77,'Alface, americana, crua',2,1),
(78,'Alface, crespa, crua',2,1),
(79,'Alface, lisa, crua',2,1),
(80,'Alface, roxa, crua',2,1),
(81,'Alfavaca, crua',2,1),
(82,'Alho, cru',2,1),
(83,'Alho-poró, cru',2,1),
(84,'Almeirão, cru',2,1),
(85,'Almeirão, refogado',2,1),
(86,'Batata, baroa, cozida',2,1),
(87,'Batata, baroa, crua',2,1),
(88,'Batata, doce, cozida',2,1),
(89,'Batata, doce, crua',2,1),
(90,'Batata, frita, tipo chips, industrializada',2,1),
(91,'Batata, inglesa, cozida',2,1),
(92,'Batata, inglesa, crua',2,1),
(93,'Batata, inglesa, frita',2,1),
(94,'Batata, inglesa, sauté',2,1),
(95,'Berinjela, cozida',2,1),
(96,'Berinjela, crua',2,1),
(97,'Beterraba, cozida',2,1),
(98,'Beterraba, crua',2,1),
(99,'Biscoito, polvilho doce',2,1),
(100,'Brócolis, cozido',2,1),
(101,'Brócolis, cru',2,1),
(102,'Cará, cozido',2,1),
(103,'Cará, cru',2,1),
(104,'Caruru, cru',2,1),
(105,'Catalonha, crua',2,1),
(106,'Catalonha, refogada',2,1),
(107,'Cebola, crua',2,1),
(108,'Cebolinha, crua',2,1),
(109,'Cenoura, cozida',2,1),
(110,'Cenoura, crua',2,1),
(111,'Chicória, crua',2,1),
(112,'Chuchu, cozido',2,1),
(113,'Chuchu, cru',2,1),
(114,'Coentro, folhas desidratadas',2,1),
(115,'Couve, manteiga, crua',2,1),
(116,'Couve, manteiga, refogada',2,1),
(117,'Couve-flor, crua',2,1),
(118,'Couve-flor, cozida',2,1),
(119,'Espinafre, Nova Zelândia, cru',2,1),
(120,'Espinafre, Nova Zelândia, refogado',2,1),
(121,'Farinha, de mandioca, crua',2,1),
(122,'Farinha, de mandioca, torrada',2,1),
(123,'Farinha, de puba',2,1),
(124,'Fécula, de mandioca',2,1),
(125,'Feijão, broto, cru',2,1),
(126,'Inhame, cru',2,1),
(127,'Jiló, cru',2,1),
(128,'Jurubeba, crua',2,1),
(129,'Mandioca, cozida',2,1),
(130,'Mandioca, crua',2,1),
(131,'Mandioca, farofa, temperada',2,1),
(132,'Mandioca, frita',2,1),
(133,'Manjericão, cru',2,1),
(134,'Maxixe, cru',2,1),
(135,'Mostarda, folha, crua',2,1),
(136,'Nhoque, batata, cozido',2,1),
(137,'Nabo, cru',2,1),
(138,'Palmito, juçara, em conserva',2,1),
(139,'Palmito, pupunha, em conserva',2,1),
(140,'Pão, de queijo, assado',2,1),
(141,'Pão, de queijo, cru',2,1),
(142,'Pepino, cru',2,1),
(143,'Pimentão, amarelo, cru',2,1),
(144,'Pimentão, verde, cru',2,1),
(145,'Pimentão, vermelho, cru',2,1),
(146,'Polvilho, doce',2,1),
(147,'Quiabo, cru',2,1),
(148,'Rabanete, cru',2,1),
(149,'Repolho, branco, cru',2,1),
(150,'Repolho, roxo, cru',2,1),
(151,'Repolho, roxo, refogado',2,1),
(152,'Rúcula, crua',2,1),
(153,'Salsa, crua',2,1),
(154,'Seleta de legumes, enlatada',2,1),
(155,'Serralha, crua',2,1),
(156,'Taioba, crua',2,1),
(157,'Tomate, com semente, cru',2,1),
(158,'Tomate, extrato',2,1),
(159,'Tomate, molho industrializado',2,1),
(160,'Tomate, purê',2,1),
(161,'Tomate, salada',2,1),
(162,'Vagem, crua',2,1),
(163,'Abacate, cru',3,1),
(164,'Abacaxi, cru',3,1),
(165,'Abacaxi, polpa, congelada',3,1),
(166,'Abiu, cru',3,1),
(167,'Açaí, polpa, com xarope de guaraná e glucose',3,1),
(168,'Açaí, polpa, congelada',3,1),
(169,'Acerola, crua',3,1),
(170,'Acerola, polpa, congelada',3,1),
(171,'Ameixa, calda, enlatada',3,1),
(172,'Ameixa, crua',3,1),
(173,'Ameixa, em calda, enlatada, drenada',3,1),
(174,'Atemóia, crua',3,1),
(175,'Banana, da terra, crua',3,1),
(176,'Banana, doce em barra',3,1),
(177,'Banana, figo, crua',3,1),
(178,'Banana, maçã, crua',3,1),
(179,'Banana, nanica, crua',3,1),
(180,'Banana, ouro, crua',3,1),
(181,'Banana, pacova, crua',3,1),
(182,'Banana, prata, crua',3,1),
(183,'Cacau, cru',3,1),
(184,'Cajá-Manga, cru',3,1),
(185,'Cajá, polpa, congelada',3,1),
(186,'Caju, cru',3,1),
(187,'Caju, polpa, congelada',3,1),
(188,'Caju, suco concentrado, envasado',3,1),
(189,'Caqui, chocolate, cru',3,1),
(190,'Carambola, crua',3,1),
(191,'Ciriguela, crua',3,1),
(192,'Cupuaçu, cru',3,1),
(193,'Cupuaçu, polpa, congelada',3,1),
(194,'Figo, cru',3,1),
(195,'Figo, enlatado, em calda',3,1),
(196,'Fruta-pão, crua',3,1),
(197,'Goiaba, branca, com casca, crua',3,1),
(198,'Goiaba, doce em pasta',3,1),
(199,'Goiaba, doce, cascão',3,1),
(200,'Goiaba, vermelha, com casca, crua',3,1),
(201,'Graviola, crua',3,1),
(202,'Graviola, polpa, congelada',3,1),
(203,'Jabuticaba, crua',3,1),
(204,'Jaca, crua',3,1),
(205,'Jambo, cru',3,1),
(206,'Jamelão, cru',3,1),
(207,'Kiwi, cru',3,1),
(208,'Laranja, baía, crua',3,1),
(209,'Laranja, baía, suco',3,1),
(210,'Laranja, da terra, crua',3,1),
(211,'Laranja, da terra, suco',3,1),
(212,'Laranja, lima, crua',3,1),
(213,'Laranja, lima, suco',3,1),
(214,'Laranja, pêra, crua',3,1),
(215,'Laranja, pêra, suco',3,1),
(216,'Laranja, valência, crua',3,1),
(217,'Laranja, valência, suco',3,1),
(218,'Limão, cravo, suco',3,1),
(219,'Limão, galego, suco',3,1),
(220,'Limão, tahiti, cru',3,1),
(221,'Maçã, Argentina, com casca, crua',3,1),
(222,'Maçã, Fuji, com casca, crua',3,1),
(223,'Macaúba, crua',3,1),
(224,'Mamão, doce em calda, drenado',3,1),
(225,'Mamão, Formosa, cru',3,1),
(226,'Mamão, Papaia, cru',3,1),
(227,'Mamão verde, doce em calda, drenado',3,1),
(228,'Manga, Haden, crua',3,1),
(229,'Manga, Palmer, crua',3,1),
(230,'Manga, polpa, congelada',3,1),
(231,'Manga, Tommy Atkins, crua',3,1),
(232,'Maracujá, cru',3,1),
(233,'Maracujá, polpa, congelada',3,1),
(234,'Maracujá, suco concentrado, envasado',3,1),
(235,'Melancia, crua',3,1),
(236,'Melão, cru',3,1),
(237,'Mexerica, Murcote, crua',3,1),
(238,'Mexerica, Rio, crua',3,1),
(239,'Morango, cru',3,1),
(240,'Nêspera, crua',3,1),
(241,'Pequi, cru',3,1),
(242,'Pêra, Park, crua',3,1),
(243,'Pêra, Williams, crua',3,1),
(244,'Pêssego, Aurora, cru',3,1),
(245,'Pêssego, enlatado, em calda',3,1),
(246,'Pinha, crua',3,1),
(247,'Pitanga, crua',3,1),
(248,'Pitanga, polpa, congelada',3,1),
(249,'Romã, crua',3,1),
(250,'Tamarindo, cru',3,1),
(251,'Tangerina, Poncã, crua',3,1),
(252,'Tangerina, Poncã, suco',3,1),
(253,'Tucumã, cru',3,1),
(254,'Umbu, cru',3,1),
(255,'Umbu, polpa, congelada',3,1),
(256,'Uva, Itália, crua',3,1),
(257,'Uva, Rubi, crua',3,1),
(258,'Uva, suco concentrado, envasado',3,1),
(259,'Azeite, de dendê',4,1),
(260,'Azeite, de oliva, extra virgem',4,1),
(261,'Manteiga, com sal',4,1),
(262,'Manteiga, sem sal',4,1),
(263,'Margarina, com óleo hidrogenado, com sal (65% de lipídeos)',4,1),
(264,'Margarina, com óleo hidrogenado, sem sal (80% de lipídeos)',4,1),
(265,'Margarina, com óleo interesterificado, com sal (65%de lipídeos)',4,1),
(266,'Margarina, com óleo interesterificado, sem sal (65% de lipídeos)',4,1),
(267,'Óleo, de babaçu',4,1),
(268,'Óleo, de canola',4,1),
(269,'Óleo, de girassol',4,1),
(270,'Óleo, de milho',4,1),
(271,'Óleo, de pequi',4,1),
(272,'Óleo, de soja',4,1),
(273,'Abadejo, filé, congelado, assado',5,1),
(274,'Abadejo, filé, congelado,cozido',5,1),
(275,'Abadejo, filé, congelado, cru',5,1),
(276,'Abadejo, filé, congelado, grelhado',5,1),
(277,'Atum, conserva em óleo',5,1),
(278,'Atum, fresco, cru',5,1),
(279,'Bacalhau, salgado, cru',5,1),
(280,'Bacalhau, salgado, refogado',5,1),
(281,'Cação, posta, com farinha de trigo, frita',5,1),
(282,'Cação, posta, cozida',5,1),
(283,'Cação, posta, crua',5,1),
(284,'Camarão, Rio Grande, grande, cozido',5,1),
(285,'Camarão, Rio Grande, grande, cru',5,1),
(286,'Camarão, Sete Barbas, sem cabeça, com casca, frito',5,1),
(287,'Caranguejo, cozido',5,1),
(288,'Corimba, cru',5,1),
(289,'Corimbatá, assado',5,1),
(290,'Corimbatá, cozido',5,1),
(291,'Corvina de água doce, crua',5,1),
(292,'Corvina do mar, crua',5,1),
(293,'Corvina grande, assada',5,1),
(294,'Corvina grande, cozida',5,1),
(295,'Dourada de água doce, fresca',5,1),
(296,'Lambari, congelado, cru',5,1),
(297,'Lambari, congelado, frito',5,1),
(298,'Lambari, fresco, cru',5,1),
(299,'Manjuba, com farinha de trigo, frita',5,1),
(300,'Manjuba, frita',5,1),
(301,'Merluza, filé, assado',5,1),
(302,'Merluza, filé, cru',5,1),
(303,'Merluza, filé, frito',5,1),
(304,'Pescada, branca, crua',5,1),
(305,'Pescada, branca, frita',5,1),
(306,'Pescada, filé, com farinha de trigo, frito',5,1),
(307,'Pescada, filé, cru',5,1),
(308,'Pescada, filé, frito',5,1),
(309,'Pescada, filé, molho escabeche',5,1),
(310,'Pescadinha, crua',5,1),
(311,'Pintado, assado',5,1),
(312,'Pintado, cru',5,1),
(313,'Pintado, grelhado',5,1),
(314,'Porquinho, cru',5,1),
(315,'Salmão, filé, com pele, fresco,  grelhado',5,1),
(316,'Salmão, sem pele, fresco, cru',5,1),
(317,'Salmão, sem pele, fresco, grelhado',5,1),
(318,'Sardinha, assada',5,1),
(319,'Sardinha, conserva em óleo',5,1),
(320,'Sardinha, frita',5,1),
(321,'Sardinha, inteira, crua',5,1),
(322,'Tucunaré, filé, congelado, cru',5,1),
(323,'Apresuntado',6,1),
(324,'Caldo de carne, tablete',6,1),
(325,'Caldo de galinha, tablete',6,1),
(326,'Carne, bovina, acém, moído, cozido',6,1),
(327,'Carne, bovina, acém, moído, cru',6,1),
(328,'Carne, bovina, acém, sem gordura, cozido',6,1),
(329,'Carne, bovina, acém, sem gordura, cru',6,1),
(330,'Carne, bovina, almôndegas, cruas',6,1),
(331,'Carne, bovina, almôndegas, fritas',6,1),
(332,'Carne, bovina, bucho, cozido',6,1),
(333,'Carne, bovina, bucho, cru',6,1),
(334,'Carne, bovina, capa de contra-filé, com gordura, crua',6,1),
(335,'Carne, bovina, capa de contra-filé, com gordura, grelhada',6,1),
(336,'Carne, bovina, capa de contra-filé, sem gordura, crua',6,1),
(337,'Carne, bovina, capa de contra-filé, sem gordura, grelhada',6,1),
(338,'Carne, bovina, charque, cozido',6,1),
(339,'Carne, bovina, charque, cru',6,1),
(340,'Carne, bovina, contra-filé, à milanesa',6,1),
(341,'Carne, bovina, contra-filé de costela, cru',6,1),
(342,'Carne, bovina, contra-filé de costela, grelhado',6,1),
(343,'Carne, bovina, contra-filé, com gordura, cru',6,1),
(344,'Carne, bovina, contra-filé, com gordura, grelhado',6,1),
(345,'Carne, bovina, contra-filé, sem gordura, cru',6,1),
(346,'Carne, bovina, contra-filé, sem gordura, grelhado',6,1),
(347,'Carne, bovina, costela, assada',6,1),
(348,'Carne, bovina, costela, crua',6,1),
(349,'Carne, bovina, coxão duro, sem gordura, cozido',6,1),
(350,'Carne, bovina, coxão duro, sem gordura, cru',6,1),
(351,'Carne, bovina, coxão mole, sem gordura, cozido',6,1),
(352,'Carne, bovina, coxão mole, sem gordura, cru',6,1),
(353,'Carne, bovina, cupim, assado',6,1),
(354,'Carne, bovina, cupim, cru',6,1),
(355,'Carne, bovina, fígado, cru',6,1),
(356,'Carne, bovina, fígado, grelhado',6,1),
(357,'Carne, bovina, filé mingnon, sem gordura, cru',6,1),
(358,'Carne, bovina, filé mingnon, sem gordura, grelhado',6,1),
(359,'Carne, bovina, flanco, sem gordura, cozido',6,1),
(360,'Carne, bovina, flanco, sem gordura, cru',6,1),
(361,'Carne, bovina, fraldinha, com gordura, cozida',6,1),
(362,'Carne, bovina, fraldinha, com gordura, crua',6,1),
(363,'Carne, bovina, lagarto, cozido',6,1),
(364,'Carne, bovina, lagarto, cru',6,1),
(365,'Carne, bovina, língua, cozida',6,1),
(366,'Carne, bovina, língua, crua',6,1),
(367,'Carne, bovina, maminha, crua',6,1),
(368,'Carne, bovina, maminha, grelhada',6,1),
(369,'Carne, bovina, miolo de alcatra, sem gordura, cru',6,1),
(370,'Carne, bovina, miolo de alcatra, sem gordura, grelhado',6,1),
(371,'Carne, bovina, músculo, sem gordura, cozido',6,1),
(372,'Carne, bovina, músculo, sem gordura, cru',6,1),
(373,'Carne, bovina, paleta, com gordura, crua',6,1),
(374,'Carne, bovina, paleta, sem gordura, cozida',6,1),
(375,'Carne, bovina, paleta, sem gordura, crua',6,1),
(376,'Carne, bovina, patinho, sem gordura, cru',6,1),
(377,'Carne, bovina, patinho, sem gordura, grelhado',6,1),
(378,'Carne, bovina, peito, sem gordura, cozido',6,1),
(379,'Carne, bovina, peito, sem gordura, cru',6,1),
(380,'Carne, bovina, picanha, com gordura, crua',6,1),
(381,'Carne, bovina, picanha, com gordura, grelhada',6,1),
(382,'Carne, bovina, picanha, sem gordura, crua',6,1),
(383,'Carne, bovina, picanha, sem gordura, grelhada',6,1),
(384,'Carne, bovina, seca, cozida',6,1),
(385,'Carne, bovina, seca, crua',6,1),
(386,'Coxinha de frango, frita',6,1),
(387,'Croquete, de carne, cru',6,1),
(388,'Croquete, de carne, frito',6,1),
(389,'Empada de frango, pré-cozida, assada',6,1),
(390,'Empada, de frango, pré-cozida',6,1),
(391,'Frango, asa, com pele, crua',6,1),
(392,'Frango, caipira, inteiro, com pele, cozido',6,1),
(393,'Frango, caipira, inteiro, sem pele, cozido',6,1),
(394,'Frango, coração, cru',6,1),
(395,'Frango, coração, grelhado',6,1),
(396,'Frango, coxa, com pele, assada',6,1),
(397,'Frango, coxa, com pele, crua',6,1),
(398,'Frango, coxa, sem pele, cozida',6,1),
(399,'Frango, coxa, sem pele, crua',6,1),
(400,'Frango, fígado, cru',6,1),
(401,'Frango, filé, à milanesa',6,1),
(402,'Frango, inteiro, com pele, cru',6,1),
(403,'Frango, inteiro, sem pele, assado',6,1),
(404,'Frango, inteiro, sem pele, cozido',6,1),
(405,'Frango, inteiro, sem pele, cru',6,1),
(406,'Frango, peito, com pele, assado',6,1),
(407,'Frango, peito, com pele, cru',6,1),
(408,'Frango, peito, sem pele, cozido',6,1),
(409,'Frango, peito, sem pele, cru',6,1),
(410,'Frango, peito, sem pele, grelhado',6,1),
(411,'Frango, sobrecoxa, com pele, assada',6,1),
(412,'Frango, sobrecoxa, com pele, crua',6,1),
(413,'Frango, sobrecoxa, sem pele, assada',6,1),
(414,'Frango, sobrecoxa, sem pele, crua',6,1),
(415,'Hambúrguer, bovino, cru',6,1),
(416,'Hambúrguer, bovino, frito',6,1),
(417,'Hambúrguer, bovino, grelhado',6,1),
(418,'Lingüiça, frango, crua',6,1),
(419,'Lingüiça, frango, frita',6,1),
(420,'Lingüiça, frango, grelhada',6,1),
(421,'Lingüiça, porco, crua',6,1),
(422,'Lingüiça, porco, frita',6,1),
(423,'Lingüiça, porco, grelhada',6,1),
(424,'Mortadela',6,1),
(425,'Peru, congelado, assado',6,1),
(426,'Peru, congelado, cru',6,1),
(427,'Porco, bisteca, crua',6,1),
(428,'Porco, bisteca, frita',6,1),
(429,'Porco, bisteca, grelhada',6,1),
(430,'Porco, costela, assada',6,1),
(431,'Porco, costela, crua',6,1),
(432,'Porco, lombo, assado',6,1),
(433,'Porco, lombo, cru',6,1),
(434,'Porco, orelha, salgada, crua',6,1),
(435,'Porco, pernil, assado',6,1),
(436,'Porco, pernil, cru',6,1),
(437,'Porco, rabo, salgado, cru',6,1),
(438,'Presunto, com capa de gordura',6,1),
(439,'Presunto, sem capa de gordura',6,1),
(440,'Quibe, assado',6,1),
(441,'Quibe, cru',6,1),
(442,'Quibe, frito',6,1),
(443,'Salame',6,1),
(444,'Toucinho, cru',6,1),
(445,'Toucinho, frito',6,1),
(446,'Bebida láctea, pêssego',7,1),
(447,'Creme de Leite',7,1),
(448,'Iogurte, natural',7,1),
(449,'Iogurte, natural, desnatado',7,1),
(450,'Iogurte, sabor abacaxi',7,1),
(451,'Iogurte, sabor morango',7,1),
(452,'Iogurte, sabor pêssego',7,1),
(453,'Leite, condensado',7,1),
(454,'Leite, de cabra',7,1),
(455,'Leite, de vaca, achocolatado',7,1),
(456,'Leite, de vaca, desnatado, pó',7,1),
(457,'Leite, de vaca, desnatado, UHT',7,1),
(458,'Leite, de vaca, integral',7,1),
(459,'Leite, de vaca, integral, pó',7,1),
(460,'Leite, fermentado',7,1),
(461,'Queijo, minas, frescal',7,1),
(462,'Queijo, minas, meia cura',7,1),
(463,'Queijo, mozarela',7,1),
(464,'Queijo, parmesão',7,1),
(465,'Queijo, pasteurizado',7,1),
(466,'Queijo, petit suisse, morango',7,1),
(467,'Queijo, prato',7,1),
(468,'Queijo, requeijão, cremoso',7,1),
(469,'Queijo, ricota',7,1),
(470,'Bebida isotônica, sabores variados',8,1),
(471,'Café, infusão 10%',8,1),
(472,'Cana, aguardente 1',8,1),
(473,'Cana, caldo de',8,1),
(474,'Cerveja, pilsen 2',8,1),
(475,'Chá, erva-doce, infusão 5%',8,1),
(476,'Chá, mate, infusão 5%',8,1),
(477,'Chá, preto, infusão 5%',8,1),
(478,'Coco, água de',8,1),
(479,'Refrigerante, tipo água tônica',8,1),
(480,'Refrigerante, tipo cola',8,1),
(481,'Refrigerante, tipo guaraná',8,1),
(482,'Refrigerante, tipo laranja',8,1),
(483,'Refrigerante, tipo limão',8,1),
(484,'Omelete, de queijo',9,1),
(485,'Ovo, de codorna, inteiro, cru',9,1),
(486,'Ovo, de galinha, clara, cozida/10minutos',9,1),
(487,'Ovo, de galinha, gema, cozida/10minutos',9,1),
(488,'Ovo, de galinha, inteiro, cozido/10minutos',9,1),
(489,'Ovo, de galinha, inteiro, cru',9,1),
(490,'Ovo, de galinha, inteiro, frito',9,1),
(491,'Achocolatado, pó',10,1),
(492,'Açúcar, cristal',10,1),
(493,'Açúcar, mascavo',10,1),
(494,'Açúcar, refinado',10,1),
(495,'Chocolate, ao leite',10,1),
(496,'Chocolate, ao leite, com castanha do Pará',10,1),
(497,'Chocolate, ao leite, dietético',10,1),
(498,'Chocolate, meio amargo',10,1),
(499,'Cocada branca',10,1),
(500,'Doce, de abóbora, cremoso',10,1),
(501,'Doce, de leite, cremoso',10,1),
(502,'Geléia, mocotó, natural',10,1),
(503,'Glicose de milho',10,1),
(504,'Maria mole',10,1),
(505,'Maria mole, coco queimado',10,1),
(506,'Marmelada',10,1),
(507,'Mel, de abelha',10,1),
(508,'Melado',10,1),
(509,'Quindim',10,1),
(510,'Rapadura',10,1),
(511,'Café, pó, torrado',11,1),
(512,'Capuccino, pó',11,1),
(513,'Fermento em pó, químico',11,1),
(514,'Fermento, biológico, levedura, tablete',11,1),
(515,'Gelatina, sabores variados, pó',11,1),
(516,'Sal, dietético',11,1),
(517,'Sal, grosso',11,1),
(518,'Shoyu',11,1),
(519,'Tempero a base de sal',11,1),
(520,'Azeitona, preta, conserva',12,1),
(521,'Azeitona, verde, conserva',12,1),
(522,'Chantilly, spray, com gordura vegetal',12,1),
(523,'Leite, de coco',12,1),
(524,'Maionese, tradicional com ovos',12,1),
(525,'Acarajé',13,1),
(526,'Arroz carreteiro',13,1),
(527,'Baião de dois, arroz e feijão-de-corda',13,1),
(528,'Barreado',13,1),
(529,'Bife à cavalo, com contra filé',13,1),
(530,'Bolinho de arroz',13,1),
(531,'Camarão à baiana',13,1),
(532,'Charuto, de repolho',13,1),
(533,'Cuscuz, de milho, cozido com sal',13,1),
(534,'Cuscuz, paulista',13,1),
(535,'Cuxá, molho',13,1),
(536,'Dobradinha',13,1),
(537,'Estrogonofe de carne',13,1),
(538,'Estrogonofe de frango',13,1),
(539,'Feijão tropeiro mineiro',13,1),
(540,'Feijoada',13,1),
(541,'Frango, com açafrão',13,1),
(542,'Macarrão, molho bolognesa',13,1),
(543,'Maniçoba',13,1),
(544,'Quibebe',13,1),
(545,'Salada, de legumes, com maionese',13,1),
(546,'Salada, de legumes, cozida no vapor',13,1),
(547,'Salpicão, de frango',13,1),
(548,'Sarapatel',13,1),
(549,'Tabule',13,1),
(550,'Tacacá',13,1),
(551,'Tapioca, com manteiga',13,1),
(552,'Tucupi, com pimenta-de-cheiro',13,1),
(553,'Vaca atolada',13,1),
(554,'Vatapá',13,1),
(555,'Virado à paulista',13,1),
(556,'Yakisoba',13,1),
(557,'Amendoim, grão, cru',14,1),
(558,'Amendoim, torrado, salgado',14,1),
(559,'Ervilha, em vagem',14,1),
(560,'Ervilha, enlatada, drenada',14,1),
(561,'Feijão, carioca, cozido',14,1),
(562,'Feijão, carioca, cru',14,1),
(563,'Feijão, fradinho, cozido',14,1),
(564,'Feijão, fradinho, cru',14,1),
(565,'Feijão, jalo, cozido',14,1),
(566,'Feijão, jalo, cru',14,1),
(567,'Feijão, preto, cozido',14,1),
(568,'Feijão, preto, cru',14,1),
(569,'Feijão, rajado, cozido',14,1),
(570,'Feijão, rajado, cru',14,1),
(571,'Feijão, rosinha, cozido',14,1),
(572,'Feijão, rosinha, cru',14,1),
(573,'Feijão, roxo, cozido',14,1),
(574,'Feijão, roxo, cru',14,1),
(575,'Grão-de-bico, cru',14,1),
(576,'Guandu, cru',14,1),
(577,'Lentilha, cozida',14,1),
(578,'Lentilha, crua',14,1),
(579,'Paçoca, amendoim',14,1),
(580,'Pé-de-moleque, amendoim',14,1),
(581,'Soja, farinha',14,1),
(582,'Soja, extrato solúvel, natural, fluido',14,1),
(583,'Soja, extrato solúvel, pó',14,1),
(584,'Soja, queijo (tofu)',14,1),
(585,'Tremoço, cru',14,1),
(586,'Tremoço, em conserva',14,1),
(587,'Amêndoa, torrada, salgada',15,1),
(588,'Castanha-de-caju, torrada, salgada',15,1),
(589,'Castanha-do-Brasil, crua',15,1),
(590,'Coco, cru',15,1),
(591,'Coco,  verde, cru',15,1),
(592,'Farinha, de mesocarpo de babaçu, crua',15,1),
(593,'Gergelim, semente',15,1),
(594,'Linhaça, semente',15,1),
(595,'Pinhão, cozido',15,1),
(596,'Pupunha, cozida',15,1),
(597,'Noz, crua',15,1);
/*!40000 ALTER TABLE `food` ENABLE KEYS */;
UNLOCK TABLES;

--
-- Table structure for table `food_aminoacid`
--

DROP TABLE IF EXISTS `food_aminoacid`;
/*!40101 SET @saved_cs_client     = @@character_set_client */;
/*!40101 SET character_set_client = utf8 */;
CREATE TABLE `food_aminoacid` (
  `id` int(3) NOT NULL AUTO_INCREMENT,
  `food` int(11) NOT NULL,
  `triptofano` decimal(4,2) NOT NULL,
  `treonina` decimal(4,2) NOT NULL,
  `isoleucina` decimal(4,2) NOT NULL,
  `leucina` decimal(4,2) NOT NULL,
  `lisina` decimal(4,2) NOT NULL,
  `metionina` decimal(4,2) NOT NULL,
  `cistina` decimal(4,2) NOT NULL,
  `fenilalanina` decimal(4,2) NOT NULL,
  `tirosina` decimal(4,2) NOT NULL,
  `valina` decimal(4,2) NOT NULL,
  `arginina` decimal(4,2) NOT NULL,
  `histidina` decimal(4,2) NOT NULL,
  `alanina` decimal(4,2) NOT NULL,
  `acido_aspartico` decimal(4,2) NOT NULL,
  `acido_glutamico` decimal(4,2) NOT NULL,
  `glicina` decimal(4,2) NOT NULL,
  `prolina` decimal(4,2) NOT NULL,
  `serina` decimal(4,2) NOT NULL,
  PRIMARY KEY (`id`),
  KEY `food` (`food`),
  CONSTRAINT `food_aminoacid_ibfk_1` FOREIGN KEY (`food`) REFERENCES `food` (`id`)
) ENGINE=InnoDB AUTO_INCREMENT=32 DEFAULT CHARSET=utf8mb4 COLLATE=utf8mb4_unicode_520_ci;
/*!40101 SET character_set_client = @saved_cs_client */;

--
-- Dumping data for table `food_aminoacid`
--

LOCK TABLES `food_aminoacid` WRITE;
/*!40000 ALTER TABLE `food_aminoacid` DISABLE KEYS */;
INSERT INTO `food_aminoacid` VALUES
(1,56,0.12,0.30,0.41,0.81,0.39,0.19,0.07,0.50,0.36,0.50,0.41,0.18,0.31,0.54,3.37,0.30,1.18,0.47),
(2,80,0.00,0.03,0.03,0.06,0.05,0.01,0.00,0.04,0.04,0.04,0.06,0.02,0.05,0.05,0.11,0.04,0.03,0.03),
(3,83,0.01,0.03,0.04,0.07,0.08,0.01,0.00,0.05,0.06,0.05,0.08,0.02,0.06,0.05,0.18,0.05,0.03,0.04),
(4,123,0.00,0.01,0.03,0.04,0.02,0.00,0.02,0.02,0.00,0.02,0.02,0.04,0.04,0.09,0.32,0.01,0.06,0.01),
(5,147,0.01,0.05,0.04,0.08,0.07,0.01,0.00,0.05,0.03,0.06,0.11,0.02,0.07,0.27,0.33,0.05,0.04,0.06),
(6,151,0.01,0.03,0.06,0.07,0.07,0.01,0.00,0.05,0.04,0.07,0.07,0.04,0.10,0.17,0.53,0.06,0.08,0.08),
(7,176,0.00,0.01,0.02,0.04,0.00,0.00,0.02,0.01,0.01,0.03,0.01,0.03,0.02,0.08,0.09,0.00,0.00,0.03),
(8,185,0.00,0.02,0.02,0.04,0.03,0.01,0.00,0.02,0.02,0.03,0.03,0.01,0.06,0.07,0.08,0.02,0.02,0.02),
(9,224,0.00,0.01,0.01,0.01,0.00,0.01,0.01,0.00,0.02,0.00,0.02,0.03,0.01,0.04,0.02,0.00,0.00,0.03),
(10,227,0.00,0.02,0.00,0.00,0.00,0.01,0.01,0.01,0.02,0.01,0.02,0.04,0.01,0.01,0.01,0.01,0.01,0.03),
(11,229,0.02,0.01,0.02,0.03,0.02,0.01,0.00,0.02,0.01,0.02,0.02,0.01,0.03,0.03,0.04,0.02,0.02,0.02),
(12,248,0.00,0.01,0.01,0.02,0.02,0.00,0.00,0.01,0.01,0.01,0.02,0.00,0.02,0.03,0.04,0.01,0.01,0.01),
(13,323,0.16,0.67,0.74,1.16,1.26,0.45,0.24,0.69,0.59,0.79,1.19,0.77,0.86,1.36,2.54,0.76,0.67,0.64),
(14,424,0.14,0.57,0.61,0.94,1.05,0.39,0.30,0.59,0.52,0.66,1.08,0.48,0.88,1.18,2.16,1.00,0.74,0.60),
(15,438,0.11,0.73,0.71,1.17,1.35,0.47,0.23,0.67,0.58,0.74,1.22,0.91,0.90,1.41,2.39,0.81,0.70,0.68),
(16,439,0.15,0.71,0.69,1.15,1.28,0.48,0.22,0.63,0.55,0.72,1.20,0.89,0.88,1.37,2.36,0.73,0.65,0.68),
(17,441,0.02,0.35,0.40,0.78,0.93,0.23,0.04,0.46,0.45,0.48,0.85,0.50,0.65,1.00,2.16,0.51,0.47,0.45),
(18,443,0.28,1.22,1.21,2.02,0.07,0.79,0.35,1.08,0.97,1.30,1.96,1.30,1.61,2.34,4.24,1.55,1.38,1.15),
(19,463,0.38,1.05,1.39,2.38,2.06,0.85,0.36,1.27,1.61,1.77,1.13,0.86,0.79,1.76,5.91,0.55,2.76,1.50),
(20,467,0.48,1.01,1.21,2.19,1.94,0.82,0.36,1.13,1.43,1.47,1.14,0.84,0.81,1.66,5.33,0.56,2.76,1.54),
(21,501,0.03,0.23,0.28,0.56,0.34,0.12,0.02,0.23,0.21,0.34,0.18,0.07,0.22,0.44,1.28,0.09,0.57,0.28),
(22,504,0.00,0.03,0.05,0.10,0.10,0.02,0.02,0.06,0.02,0.07,0.33,0.03,0.41,0.23,0.44,0.99,0.58,0.09),
(23,506,0.20,0.02,0.00,0.01,0.01,0.01,0.01,0.01,0.02,0.01,0.02,0.04,0.01,0.05,0.01,0.02,0.01,0.04),
(24,509,0.07,0.21,0.23,0.42,0.33,0.10,0.03,0.20,0.16,0.26,0.48,0.06,0.31,0.36,0.75,0.16,0.22,0.36),
(25,510,0.02,0.02,0.00,0.01,0.01,0.01,0.02,0.01,0.03,0.01,0.03,0.06,0.00,0.16,0.04,0.02,0.02,0.05),
(26,580,0.07,0.34,0.50,0.97,0.48,0.14,0.09,0.75,0.54,0.58,1.87,0.25,0.63,1.80,3.09,0.91,0.62,0.69);
/*!40000 ALTER TABLE `food_aminoacid` ENABLE KEYS */;
UNLOCK TABLES;

--
-- Table structure for table `food_class`
--

DROP TABLE IF EXISTS `food_class`;
/*!40101 SET @saved_cs_client     = @@character_set_client */;
/*!40101 SET character_set_client = utf8 */;
CREATE TABLE `food_class` (
  `id` int(11) NOT NULL AUTO_INCREMENT,
  `classification` varchar(255) NOT NULL,
  `origin` int(11) NOT NULL,
  PRIMARY KEY (`id`)
) ENGINE=InnoDB AUTO_INCREMENT=16 DEFAULT CHARSET=utf8mb4 COLLATE=utf8mb4_unicode_520_ci;
/*!40101 SET character_set_client = @saved_cs_client */;

--
-- Dumping data for table `food_class`
--

LOCK TABLES `food_class` WRITE;
/*!40000 ALTER TABLE `food_class` DISABLE KEYS */;
INSERT INTO `food_class` VALUES
(1,'Cereais e derivados',1),
(2,'Verduras, hortaliças e derivados',1),
(3,'Frutas e derivados',1),
(4,'Gorduras e óleos',1),
(5,'Pescados e frutos do mar',1),
(6,'Carnes e derivados',1),
(7,'Leite e derivados',1),
(8,'Bebidas (alcoólicas e não alcoólicas)',1),
(9,'Ovos e derivados',1),
(10,'Produtos açucarados',1),
(11,'Miscelâneas',1),
(12,'Outros alimentos industrializados',1),
(13,'Alimentos preparados',1),
(14,'Leguminosas e derivados',1),
(15,'Nozes e sementes',1);
/*!40000 ALTER TABLE `food_class` ENABLE KEYS */;
UNLOCK TABLES;

--
-- Table structure for table `food_fatty`
--

DROP TABLE IF EXISTS `food_fatty`;
/*!40101 SET @saved_cs_client     = @@character_set_client */;
/*!40101 SET character_set_client = utf8 */;
CREATE TABLE `food_fatty` (
  `id` int(3) NOT NULL AUTO_INCREMENT,
  `food` int(11) NOT NULL,
  `saturados` decimal(5,2) NOT NULL,
  `monoinsaturados` decimal(5,2) NOT NULL,
  `poliinsaturados` decimal(5,2) DEFAULT NULL,
  `12_0` decimal(5,2) DEFAULT NULL,
  `14_0` decimal(4,2) DEFAULT NULL,
  `16_0` decimal(5,2) DEFAULT NULL,
  `18_0` decimal(5,2) DEFAULT NULL,
  `20_0` decimal(4,2) DEFAULT NULL,
  `22_0` decimal(4,2) DEFAULT NULL,
  `24_0` decimal(4,2) DEFAULT NULL,
  `14_1` decimal(4,2) DEFAULT NULL,
  `16_1` decimal(4,2) DEFAULT NULL,
  `18_1` decimal(5,2) DEFAULT NULL,
  `20_1` decimal(4,2) DEFAULT NULL,
  `18_2n6` decimal(5,2) DEFAULT NULL,
  `18_3n3` decimal(5,2) DEFAULT NULL,
  `20_4` decimal(4,2) DEFAULT NULL,
  `20_5` decimal(4,2) DEFAULT NULL,
  `22_5` decimal(4,2) DEFAULT NULL,
  `22_6` decimal(4,2) DEFAULT NULL,
  `18_1t` decimal(4,2) DEFAULT NULL,
  `18_2t` decimal(4,2) DEFAULT NULL,
  PRIMARY KEY (`id`),
  KEY `food` (`food`),
  CONSTRAINT `food_fatty_ibfk_1` FOREIGN KEY (`food`) REFERENCES `food` (`id`)
) ENGINE=InnoDB AUTO_INCREMENT=512 DEFAULT CHARSET=utf8mb4 COLLATE=utf8mb4_unicode_520_ci;
/*!40101 SET character_set_client = @saved_cs_client */;

--
-- Dumping data for table `food_fatty`
--

LOCK TABLES `food_fatty` WRITE;
/*!40000 ALTER TABLE `food_fatty` DISABLE KEYS */;
INSERT INTO `food_fatty` VALUES
(1,1,0.30,0.40,0.30,NULL,0.00,0.25,0.02,0.00,0.00,0.00,NULL,NULL,0.36,0.00,0.31,0.01,NULL,NULL,0.00,NULL,NULL,NULL),
(2,2,0.30,0.50,0.40,NULL,0.01,0.24,0.02,0.01,0.00,0.00,NULL,0.00,0.45,0.00,0.38,0.02,NULL,NULL,NULL,NULL,NULL,NULL),
(3,3,0.20,0.00,0.00,NULL,0.00,0.16,0.01,NULL,NULL,NULL,NULL,NULL,0.04,NULL,0.06,NULL,NULL,NULL,NULL,NULL,NULL,NULL),
(4,4,0.10,0.10,0.10,0.00,0.00,0.06,0.01,0.00,0.00,0.00,NULL,NULL,0.06,NULL,0.08,0.00,NULL,NULL,NULL,NULL,NULL,0.00),
(5,5,0.10,0.10,0.10,NULL,0.00,0.12,0.02,NULL,NULL,NULL,NULL,0.00,0.12,0.00,0.09,0.00,NULL,NULL,NULL,NULL,NULL,NULL),
(6,6,0.10,0.10,0.10,NULL,0.00,0.06,0.01,0.00,0.00,0.00,NULL,NULL,0.09,0.00,0.09,0.00,NULL,NULL,NULL,NULL,NULL,NULL),
(7,7,1.50,3.20,3.00,NULL,0.02,1.37,0.14,0.00,NULL,0.02,NULL,0.00,3.10,0.05,2.95,0.06,NULL,NULL,NULL,NULL,NULL,NULL),
(8,8,3.90,3.70,2.20,0.03,0.07,2.76,0.94,0.03,0.02,0.01,NULL,0.02,3.70,0.02,2.13,0.10,NULL,NULL,NULL,NULL,1.36,0.22),
(9,9,6.20,6.60,1.70,0.19,0.13,3.11,2.55,0.07,0.07,0.02,NULL,0.02,6.55,0.04,1.68,0.06,NULL,NULL,NULL,NULL,3.84,0.37),
(10,10,6.10,6.50,1.70,0.07,0.07,3.35,2.41,0.06,NULL,NULL,NULL,0.04,6.40,0.02,1.61,0.06,NULL,NULL,NULL,NULL,4.21,0.32),
(11,11,6.50,8.10,1.90,NULL,0.02,3.21,3.02,0.09,0.12,0.02,0.02,0.02,8.07,0.02,1.84,0.09,NULL,NULL,NULL,NULL,6.63,0.42),
(12,12,6.70,8.90,1.80,NULL,0.03,3.32,3.10,0.10,0.10,0.03,NULL,0.03,8.83,0.03,1.77,0.08,NULL,NULL,NULL,NULL,7.24,0.56),
(13,13,4.40,4.60,2.90,0.01,0.07,2.99,1.24,0.04,0.03,0.01,NULL,0.06,4.52,0.03,2.79,0.01,NULL,NULL,NULL,NULL,1.57,0.23),
(14,14,2.10,1.90,0.80,0.01,0.03,1.03,0.97,0.02,0.02,0.01,NULL,0.01,1.88,0.01,0.78,0.03,NULL,NULL,NULL,NULL,0.93,0.15),
(15,15,5.00,3.90,1.10,0.98,0.48,1.88,1.28,0.04,0.04,0.01,NULL,0.06,3.80,0.02,1.00,0.06,0.04,NULL,NULL,NULL,1.99,NULL),
(16,16,5.50,6.20,3.00,NULL,0.06,2.97,2.33,0.07,0.06,0.02,NULL,0.06,6.15,0.04,2.83,0.04,0.02,NULL,NULL,NULL,2.49,0.42),
(17,17,4.90,3.00,1.80,1.00,0.48,1.82,1.24,0.03,0.03,0.01,NULL,0.05,2.92,0.03,1.69,0.06,0.02,NULL,NULL,NULL,0.89,0.19),
(18,18,4.50,3.90,1.50,0.79,0.37,1.79,1.19,0.04,0.05,0.01,NULL,0.06,3.79,0.03,1.34,0.08,0.04,NULL,NULL,NULL,1.82,0.17),
(19,19,0.30,0.20,0.40,NULL,NULL,0.27,0.03,0.00,NULL,0.00,NULL,0.00,0.24,0.00,0.38,0.01,NULL,NULL,NULL,NULL,NULL,NULL),
(20,20,0.60,0.40,0.10,0.01,0.08,0.37,0.15,0.00,NULL,NULL,NULL,0.02,0.35,NULL,0.15,0.00,NULL,NULL,NULL,NULL,0.02,NULL),
(21,21,0.50,0.60,0.90,NULL,0.00,0.39,0.05,0.01,0.00,0.01,NULL,0.00,0.60,0.01,0.89,0.03,NULL,NULL,NULL,NULL,NULL,NULL),
(22,22,0.30,0.30,0.60,NULL,0.00,0.27,0.03,0.01,0.00,0.00,NULL,0.00,0.33,0.00,0.60,0.02,NULL,NULL,NULL,NULL,NULL,NULL),
(23,23,0.30,0.30,0.50,NULL,0.00,0.26,0.03,0.00,0.00,NULL,NULL,NULL,0.28,0.00,0.45,0.01,NULL,NULL,NULL,NULL,0.00,0.00),
(24,24,0.50,0.40,1.00,NULL,0.00,0.43,0.03,0.00,0.00,0.00,NULL,0.00,0.34,0.02,0.93,0.06,NULL,NULL,NULL,NULL,NULL,0.01),
(25,25,0.40,0.30,0.30,NULL,NULL,0.32,0.04,0.00,0.00,0.00,NULL,0.00,0.32,NULL,0.31,0.00,NULL,0.00,NULL,NULL,0.00,NULL),
(26,26,0.20,0.30,0.30,NULL,NULL,0.20,0.03,0.00,0.00,0.00,NULL,0.00,0.29,NULL,0.33,0.00,NULL,0.00,NULL,NULL,0.00,NULL),
(27,27,0.40,0.30,0.40,NULL,0.01,0.37,0.03,0.00,NULL,0.01,NULL,0.00,0.31,0.00,0.43,0.01,NULL,NULL,NULL,NULL,NULL,NULL),
(28,28,0.30,0.50,0.80,NULL,NULL,0.29,0.04,0.01,NULL,0.00,NULL,0.00,0.45,0.00,0.75,0.02,NULL,NULL,NULL,NULL,NULL,NULL),
(29,29,0.80,0.50,0.20,0.01,0.11,0.48,0.19,0.00,NULL,NULL,0.00,0.03,0.44,NULL,0.17,0.00,NULL,NULL,NULL,NULL,0.04,NULL),
(30,30,3.00,4.90,1.40,NULL,0.01,1.55,1.30,0.05,0.06,0.03,NULL,NULL,4.85,0.03,1.38,0.03,NULL,NULL,NULL,NULL,2.81,0.63),
(31,31,0.20,0.10,0.20,0.00,0.00,0.18,0.01,0.00,0.00,0.00,NULL,0.00,0.08,0.00,0.17,0.01,NULL,NULL,NULL,NULL,0.00,0.00),
(32,32,0.30,0.30,0.80,NULL,0.00,0.31,0.02,0.00,0.00,NULL,NULL,0.00,0.26,0.01,0.73,NULL,NULL,NULL,NULL,NULL,NULL,0.00),
(33,33,0.40,0.40,0.60,0.00,0.00,0.30,0.04,0.01,NULL,NULL,NULL,0.00,0.38,0.00,0.63,0.02,NULL,NULL,NULL,NULL,NULL,NULL),
(34,34,0.60,0.40,0.80,0.01,0.02,0.44,0.07,0.00,NULL,NULL,NULL,0.01,0.37,0.01,0.74,0.05,NULL,NULL,NULL,NULL,0.02,0.01),
(35,35,0.30,0.20,0.40,NULL,0.00,0.30,0.01,0.00,0.00,0.00,NULL,0.00,0.13,NULL,0.43,0.01,NULL,0.00,0.00,NULL,NULL,0.00),
(36,36,3.30,1.40,0.60,0.12,0.50,1.73,0.58,0.01,0.01,NULL,0.03,0.11,1.20,NULL,0.59,0.03,NULL,NULL,NULL,NULL,0.13,0.02),
(37,37,0.60,0.40,0.10,NULL,NULL,0.48,0.10,NULL,NULL,NULL,NULL,0.02,0.40,0.00,0.10,NULL,NULL,NULL,NULL,NULL,NULL,NULL),
(38,38,0.50,0.40,0.40,NULL,NULL,0.39,0.08,NULL,NULL,NULL,NULL,0.01,0.39,0.00,0.38,0.01,NULL,NULL,NULL,NULL,NULL,NULL),
(39,41,0.50,0.40,0.80,NULL,NULL,0.46,0.07,0.00,0.00,0.00,NULL,0.00,0.38,0.00,0.73,0.03,NULL,NULL,NULL,NULL,NULL,0.00),
(40,43,0.40,0.90,1.30,NULL,NULL,0.35,0.07,0.02,0.00,0.00,NULL,0.00,0.89,0.00,1.29,0.03,NULL,NULL,0.00,NULL,NULL,NULL),
(41,44,0.20,0.20,0.60,NULL,NULL,0.16,0.01,0.00,0.00,0.00,NULL,0.00,0.23,0.00,0.53,0.02,NULL,NULL,NULL,NULL,NULL,NULL),
(42,45,0.60,0.80,0.90,NULL,NULL,0.49,0.06,0.01,NULL,NULL,NULL,0.00,0.78,0.00,0.88,0.03,NULL,NULL,NULL,NULL,NULL,NULL),
(43,46,0.10,0.00,0.10,0.00,NULL,0.12,0.01,NULL,NULL,NULL,NULL,NULL,0.05,NULL,0.13,0.01,NULL,NULL,NULL,NULL,NULL,NULL),
(44,47,0.50,0.70,1.40,NULL,0.01,0.37,0.12,0.01,0.01,0.01,NULL,NULL,0.65,0.02,1.32,0.09,NULL,NULL,NULL,NULL,0.07,0.04),
(45,48,1.10,1.00,1.60,0.00,0.01,0.62,0.40,0.01,0.01,NULL,NULL,0.01,0.94,0.02,1.06,0.59,NULL,NULL,NULL,NULL,0.11,0.01),
(46,49,0.70,0.60,1.60,NULL,0.01,0.52,0.16,0.01,0.01,NULL,NULL,0.01,0.62,0.01,1.41,0.14,NULL,NULL,NULL,NULL,0.01,NULL),
(47,50,0.50,0.60,0.70,NULL,0.00,0.39,0.08,0.01,0.01,NULL,NULL,0.01,0.56,0.01,0.69,0.04,NULL,NULL,NULL,NULL,0.11,0.05),
(48,51,0.60,0.60,1.00,0.01,0.01,0.47,0.11,0.01,0.01,NULL,NULL,0.01,0.62,0.01,0.98,0.03,NULL,NULL,NULL,NULL,0.07,NULL),
(49,52,0.70,0.80,1.10,0.00,0.01,0.50,0.19,0.01,0.01,NULL,NULL,0.02,0.74,0.01,0.98,0.08,NULL,NULL,NULL,NULL,0.21,0.07),
(50,53,1.00,0.90,0.70,0.00,0.01,0.65,0.29,0.01,0.01,NULL,NULL,0.00,0.85,0.01,0.70,0.04,NULL,NULL,NULL,NULL,0.35,0.02),
(51,54,0.80,0.70,0.70,0.01,0.01,0.66,0.14,NULL,NULL,NULL,NULL,0.02,0.62,0.01,0.68,0.04,NULL,NULL,NULL,NULL,0.06,NULL),
(52,55,3.70,2.90,1.10,0.07,0.12,2.47,1.00,0.03,0.01,0.01,0.01,0.05,2.82,0.01,1.06,0.04,NULL,NULL,NULL,NULL,0.52,0.07),
(53,56,4.80,5.90,7.60,NULL,0.12,2.73,1.70,0.06,0.10,0.04,NULL,0.08,5.74,0.04,6.97,0.59,0.02,NULL,NULL,NULL,0.54,0.15),
(54,59,2.10,1.70,0.90,0.02,0.03,1.50,0.49,0.02,0.02,0.01,NULL,0.01,1.66,0.01,0.91,0.03,NULL,NULL,NULL,NULL,0.47,0.05),
(55,60,6.90,10.10,21.20,NULL,0.04,4.92,1.48,0.16,0.20,0.08,NULL,0.00,9.75,0.33,19.61,1.32,NULL,NULL,NULL,NULL,NULL,NULL),
(56,61,2.40,3.70,9.20,NULL,NULL,1.77,0.46,0.05,0.06,0.03,NULL,NULL,3.67,0.03,8.48,0.69,NULL,NULL,NULL,NULL,NULL,NULL),
(57,63,0.90,0.80,1.00,NULL,0.01,0.63,0.19,0.01,0.01,0.01,NULL,0.01,0.76,0.01,0.99,0.05,NULL,NULL,NULL,NULL,0.38,0.07),
(58,64,0.10,0.20,0.20,NULL,0.00,0.12,0.02,0.00,NULL,NULL,NULL,0.00,0.22,0.00,0.15,0.08,NULL,NULL,NULL,NULL,NULL,NULL),
(59,65,0.10,0.10,0.00,NULL,NULL,0.11,0.01,NULL,NULL,NULL,NULL,NULL,0.08,NULL,0.04,0.01,NULL,NULL,NULL,NULL,NULL,NULL),
(60,68,0.10,0.20,0.40,NULL,NULL,0.09,0.03,0.00,0.00,NULL,NULL,NULL,0.19,NULL,0.40,0.05,NULL,NULL,NULL,NULL,NULL,NULL),
(61,70,0.10,0.00,0.10,NULL,NULL,0.05,0.00,0.00,0.00,0.00,NULL,NULL,0.00,NULL,0.03,0.03,NULL,NULL,NULL,NULL,NULL,NULL),
(62,72,0.10,0.20,0.50,NULL,NULL,0.10,0.03,0.00,0.00,0.00,NULL,NULL,0.18,NULL,0.40,0.06,NULL,NULL,NULL,NULL,NULL,NULL),
(63,81,0.10,0.00,0.20,0.00,0.00,0.11,0.02,0.00,0.00,0.00,NULL,0.01,0.01,NULL,0.04,0.16,NULL,NULL,NULL,NULL,NULL,NULL),
(64,85,0.80,1.10,2.60,NULL,NULL,0.53,0.19,0.02,0.02,0.00,NULL,0.00,1.11,0.03,2.30,0.35,NULL,NULL,NULL,NULL,NULL,0.04),
(65,90,12.90,11.90,4.00,0.10,0.25,10.98,1.30,0.11,0.02,0.02,NULL,0.04,11.83,0.05,3.85,0.09,NULL,NULL,NULL,NULL,0.02,0.09),
(66,93,2.10,3.40,6.60,NULL,0.01,1.41,0.52,0.05,0.06,0.01,NULL,0.01,3.31,0.06,6.29,0.30,NULL,NULL,NULL,NULL,NULL,0.07),
(67,94,0.30,0.20,0.40,0.02,0.01,0.19,0.07,0.00,0.00,NULL,NULL,NULL,0.20,NULL,0.33,0.03,NULL,NULL,NULL,NULL,NULL,NULL),
(68,99,2.40,4.30,0.60,NULL,0.03,1.48,0.80,0.05,0.05,0.02,NULL,NULL,4.25,0.01,0.56,NULL,NULL,NULL,NULL,NULL,4.05,0.40),
(69,100,0.10,0.00,0.20,NULL,0.00,0.08,0.01,0.00,0.00,0.00,0.00,0.01,0.02,NULL,0.06,0.10,NULL,NULL,NULL,NULL,NULL,0.00),
(70,101,0.10,0.10,0.20,NULL,NULL,0.12,0.02,0.00,NULL,0.00,NULL,0.02,0.04,NULL,0.07,0.12,NULL,NULL,NULL,NULL,NULL,NULL),
(71,104,0.10,0.00,0.30,0.00,0.00,0.13,0.01,NULL,0.00,0.00,NULL,0.02,0.03,NULL,0.09,0.17,NULL,NULL,NULL,NULL,NULL,NULL),
(72,105,0.10,0.00,0.10,0.00,NULL,0.06,0.00,0.00,0.00,0.00,NULL,0.00,0.00,NULL,0.04,0.10,NULL,NULL,NULL,NULL,NULL,NULL),
(73,106,0.70,1.10,3.00,NULL,NULL,0.51,0.15,0.02,0.02,0.01,NULL,0.01,1.04,0.02,2.48,0.48,NULL,NULL,NULL,NULL,NULL,0.01),
(74,109,0.00,0.00,0.10,NULL,NULL,0.03,0.00,NULL,NULL,NULL,NULL,NULL,0.00,NULL,0.12,0.00,NULL,NULL,NULL,NULL,NULL,NULL),
(75,115,0.10,0.00,0.10,NULL,NULL,0.10,0.02,NULL,NULL,NULL,NULL,0.02,0.02,NULL,0.05,0.08,NULL,NULL,NULL,NULL,NULL,NULL),
(76,116,1.00,1.60,3.60,NULL,NULL,0.70,0.25,0.03,0.03,0.01,NULL,NULL,1.52,0.04,3.16,0.38,NULL,NULL,NULL,NULL,NULL,NULL),
(77,118,0.10,0.00,0.10,NULL,NULL,0.06,0.00,0.00,NULL,NULL,NULL,0.00,0.02,NULL,0.06,0.06,NULL,NULL,NULL,NULL,NULL,NULL),
(78,120,0.90,1.30,2.90,NULL,NULL,0.60,0.22,0.02,0.03,0.02,NULL,0.00,1.27,0.04,2.55,0.38,NULL,NULL,NULL,NULL,NULL,0.04),
(79,121,0.10,0.10,0.00,0.00,0.00,0.08,0.02,0.00,0.00,0.00,0.00,0.00,0.08,0.00,0.03,0.01,NULL,NULL,NULL,NULL,0.00,0.10),
(80,122,0.10,0.10,0.00,0.00,0.03,0.09,0.01,NULL,NULL,NULL,NULL,NULL,0.08,NULL,0.03,0.01,NULL,NULL,NULL,NULL,NULL,NULL),
(81,123,0.20,0.20,0.00,NULL,NULL,0.20,0.02,NULL,NULL,NULL,NULL,NULL,0.19,NULL,0.04,NULL,NULL,NULL,NULL,NULL,NULL,NULL),
(82,126,0.10,0.00,0.10,NULL,NULL,0.08,0.00,0.00,0.00,0.00,NULL,NULL,0.04,NULL,0.08,0.00,NULL,NULL,NULL,NULL,NULL,NULL),
(83,127,0.10,0.10,0.20,NULL,NULL,0.05,0.02,0.00,0.00,0.00,NULL,0.00,0.05,NULL,0.20,0.00,NULL,NULL,NULL,NULL,NULL,NULL),
(84,128,0.50,0.50,2.10,NULL,NULL,0.29,0.13,0.01,0.01,0.01,NULL,0.03,0.48,0.00,2.09,0.03,NULL,NULL,NULL,NULL,NULL,NULL),
(85,129,0.10,0.10,0.10,NULL,NULL,0.07,0.00,NULL,NULL,NULL,NULL,NULL,0.10,NULL,0.05,0.01,NULL,NULL,NULL,NULL,NULL,NULL),
(86,130,0.10,0.10,0.00,NULL,NULL,0.06,0.00,0.00,0.00,0.00,NULL,0.00,0.12,0.00,0.04,0.00,NULL,NULL,NULL,NULL,0.00,NULL),
(87,131,1.90,2.40,2.50,0.00,0.03,1.26,0.54,0.03,0.02,0.01,NULL,0.04,2.38,0.02,2.29,0.19,NULL,NULL,NULL,NULL,0.49,0.14),
(88,132,1.70,2.80,6.20,NULL,NULL,1.20,0.38,0.03,0.05,0.02,NULL,NULL,2.73,0.05,5.58,0.57,NULL,NULL,NULL,NULL,NULL,0.04),
(89,133,0.10,0.00,0.30,NULL,NULL,0.11,0.02,0.00,NULL,NULL,NULL,0.02,0.01,NULL,0.05,0.21,NULL,NULL,NULL,NULL,NULL,NULL),
(90,136,0.60,0.50,0.80,0.02,0.01,0.40,0.15,0.00,0.00,0.00,NULL,0.01,0.47,0.00,0.72,0.05,0.00,NULL,NULL,NULL,NULL,NULL),
(91,138,0.10,0.00,0.10,0.00,0.00,0.07,0.00,0.00,0.00,0.01,NULL,NULL,0.03,NULL,0.09,0.01,NULL,NULL,NULL,NULL,NULL,0.00),
(92,141,3.40,3.00,4.10,0.08,0.29,2.00,0.74,0.03,0.03,NULL,0.03,0.08,2.92,NULL,3.67,0.36,NULL,NULL,NULL,NULL,0.63,0.12),
(93,151,0.20,0.30,0.70,NULL,NULL,0.15,0.04,0.00,0.00,0.00,NULL,NULL,0.28,0.00,0.61,0.07,NULL,NULL,NULL,NULL,NULL,0.00),
(94,153,0.10,0.00,0.20,NULL,NULL,0.08,0.00,0.00,0.00,0.00,NULL,0.00,0.02,NULL,0.11,0.09,NULL,NULL,0.00,NULL,NULL,NULL),
(95,154,0.10,0.20,0.20,NULL,NULL,0.10,0.03,0.00,0.00,0.00,NULL,NULL,0.22,NULL,0.20,0.01,NULL,NULL,NULL,NULL,0.00,0.00),
(96,155,0.10,0.10,0.30,0.00,0.00,0.13,0.02,0.02,0.02,0.00,NULL,NULL,0.04,NULL,0.07,0.26,NULL,NULL,NULL,NULL,NULL,NULL),
(97,156,0.20,0.10,0.40,0.00,0.00,0.18,0.04,0.02,0.00,0.01,NULL,0.02,0.05,NULL,0.12,0.25,NULL,NULL,NULL,NULL,NULL,NULL),
(98,159,0.10,0.10,0.20,0.00,0.00,0.06,0.02,0.00,0.00,0.00,NULL,0.00,0.09,0.00,0.17,0.02,NULL,NULL,NULL,NULL,0.00,0.00),
(99,163,2.30,4.30,1.40,NULL,0.01,2.20,0.10,0.02,NULL,NULL,NULL,0.20,4.12,0.02,1.29,0.08,NULL,NULL,NULL,NULL,NULL,NULL),
(100,166,0.30,0.10,0.10,NULL,NULL,0.30,0.03,NULL,NULL,NULL,NULL,NULL,0.11,NULL,0.10,0.02,NULL,NULL,NULL,NULL,NULL,NULL),
(101,167,0.70,1.90,0.30,NULL,0.00,0.58,0.07,0.00,NULL,NULL,NULL,0.07,1.88,0.00,0.30,0.02,NULL,NULL,NULL,NULL,NULL,NULL),
(102,168,0.70,2.00,0.40,NULL,0.00,0.66,0.07,0.00,NULL,NULL,NULL,0.08,1.93,NULL,0.35,0.02,NULL,NULL,NULL,NULL,NULL,NULL),
(103,173,0.10,0.00,0.10,NULL,NULL,0.07,0.02,0.01,NULL,NULL,NULL,NULL,0.03,0.01,0.07,0.01,NULL,NULL,NULL,NULL,NULL,NULL),
(104,174,0.10,0.00,0.10,NULL,NULL,0.09,0.03,0.00,0.00,0.00,NULL,NULL,0.01,NULL,0.06,0.04,NULL,NULL,NULL,NULL,NULL,NULL),
(105,191,0.20,0.00,0.10,NULL,0.01,0.11,0.02,NULL,0.00,0.00,NULL,NULL,0.02,NULL,0.07,0.03,NULL,NULL,NULL,NULL,NULL,NULL),
(106,192,0.40,0.20,0.10,NULL,0.00,0.37,0.04,0.00,0.00,0.00,NULL,0.01,0.20,NULL,0.03,0.09,NULL,NULL,NULL,NULL,NULL,NULL),
(107,193,0.30,0.10,0.00,NULL,0.00,0.26,0.03,0.00,0.00,0.00,NULL,0.00,0.13,0.00,0.01,0.03,NULL,NULL,NULL,NULL,0.00,NULL),
(108,196,0.10,0.00,0.00,NULL,NULL,0.08,0.00,0.00,0.00,0.00,NULL,NULL,0.02,NULL,0.01,0.02,NULL,NULL,NULL,NULL,NULL,NULL),
(109,197,0.10,0.00,0.20,NULL,NULL,0.04,0.02,0.00,NULL,0.00,NULL,NULL,0.03,NULL,0.23,0.00,NULL,NULL,NULL,NULL,NULL,NULL),
(110,200,0.10,0.00,0.30,NULL,NULL,0.04,0.02,0.00,NULL,0.00,NULL,NULL,0.04,NULL,0.26,0.00,NULL,NULL,NULL,NULL,NULL,NULL),
(111,201,0.00,0.10,0.00,NULL,NULL,0.05,0.00,NULL,NULL,NULL,NULL,NULL,0.08,NULL,0.01,0.02,NULL,NULL,NULL,NULL,NULL,NULL),
(112,204,0.10,0.10,0.00,NULL,NULL,0.09,0.00,0.00,0.00,0.00,NULL,0.00,0.07,NULL,0.00,0.02,NULL,NULL,NULL,NULL,NULL,NULL),
(113,207,0.10,0.10,0.30,NULL,NULL,0.04,0.02,0.00,NULL,NULL,NULL,0.00,0.10,NULL,0.06,0.29,NULL,NULL,NULL,NULL,NULL,NULL),
(114,221,0.10,0.00,0.00,NULL,0.00,0.04,0.02,0.00,0.00,0.00,NULL,0.00,0.02,NULL,0.04,0.01,NULL,NULL,NULL,NULL,NULL,NULL),
(115,223,7.10,25.30,6.50,NULL,0.04,6.01,0.97,0.05,NULL,NULL,NULL,0.67,24.57,0.04,6.18,0.30,NULL,NULL,NULL,NULL,NULL,NULL),
(116,228,0.10,0.10,0.00,0.00,0.00,0.07,0.00,0.00,0.00,0.00,NULL,0.04,0.05,0.00,0.02,0.02,NULL,NULL,NULL,NULL,NULL,NULL),
(117,230,0.10,0.10,0.00,NULL,0.01,0.07,0.00,NULL,NULL,NULL,NULL,0.03,0.05,NULL,0.01,0.02,NULL,NULL,NULL,NULL,NULL,NULL),
(118,231,0.10,0.10,0.00,0.00,0.03,0.05,0.00,0.00,0.00,0.00,NULL,0.04,0.04,0.00,0.00,0.04,NULL,NULL,NULL,NULL,0.00,NULL),
(119,232,0.20,0.30,0.90,NULL,NULL,0.17,0.05,0.00,NULL,NULL,NULL,0.00,0.28,NULL,0.92,0.02,NULL,NULL,NULL,NULL,NULL,NULL),
(120,242,0.10,0.00,0.10,NULL,0.00,0.05,0.01,0.01,0.01,0.01,NULL,0.00,0.02,0.00,0.05,0.01,NULL,NULL,NULL,NULL,NULL,NULL),
(121,246,0.10,0.00,0.10,NULL,NULL,0.08,0.01,NULL,0.00,0.00,NULL,NULL,0.03,NULL,0.08,0.04,NULL,NULL,NULL,NULL,NULL,NULL),
(122,250,0.10,0.20,0.00,NULL,0.00,0.09,0.01,0.00,0.00,0.00,NULL,0.00,0.18,0.00,0.02,0.02,NULL,NULL,NULL,NULL,0.00,NULL),
(123,253,4.70,9.70,0.90,NULL,0.02,3.18,1.19,0.25,0.02,0.02,NULL,NULL,9.62,0.06,0.30,0.58,NULL,NULL,NULL,NULL,NULL,NULL),
(124,259,43.10,40.10,16.60,0.28,0.79,36.77,4.61,0.35,0.10,0.08,NULL,0.14,39.86,0.24,15.69,0.83,NULL,NULL,NULL,NULL,NULL,0.14),
(125,260,14.90,75.50,9.50,NULL,NULL,11.30,2.96,0.38,0.12,0.05,NULL,1.09,74.01,0.25,8.74,0.75,NULL,NULL,NULL,NULL,NULL,NULL),
(126,261,49.20,20.40,1.20,2.09,8.06,23.01,9.30,0.15,NULL,NULL,0.81,0.98,17.94,0.13,0.89,0.27,NULL,NULL,NULL,NULL,2.50,0.80),
(127,262,51.50,21.90,1.50,2.11,7.96,23.87,9.64,0.14,NULL,NULL,0.78,0.98,19.80,0.12,1.22,0.27,NULL,NULL,NULL,NULL,2.31,0.51),
(128,263,14.90,18.20,21.40,0.06,0.11,8.29,5.75,0.23,0.28,0.09,NULL,0.05,17.87,0.28,19.48,1.74,NULL,NULL,NULL,NULL,8.69,1.30),
(129,265,21.90,15.00,27.60,2.50,1.00,12.91,4.35,0.21,0.20,0.08,NULL,0.06,14.70,0.26,24.85,2.64,NULL,NULL,NULL,NULL,0.09,0.24),
(130,266,20.90,14.40,26.50,2.35,0.94,12.41,4.15,0.20,0.19,0.08,NULL,0.05,14.07,0.25,23.79,2.58,NULL,NULL,NULL,NULL,0.12,0.20),
(131,267,50.90,18.60,30.20,25.03,7.92,9.46,3.14,0.17,0.21,0.07,NULL,NULL,18.51,0.25,27.17,2.86,NULL,NULL,NULL,NULL,NULL,0.19),
(132,268,7.90,62.60,28.40,NULL,0.06,4.59,2.21,0.57,0.30,0.15,NULL,0.20,61.14,1.11,20.87,6.78,NULL,NULL,NULL,NULL,NULL,0.37),
(133,269,10.80,25.40,62.60,NULL,0.07,6.10,3.42,0.26,0.67,0.25,NULL,0.08,25.15,0.18,62.22,0.39,NULL,NULL,NULL,NULL,NULL,1.14),
(134,270,15.20,33.40,50.90,NULL,NULL,12.12,2.18,0.49,0.18,0.19,NULL,0.12,33.04,0.23,49.94,0.96,NULL,NULL,NULL,NULL,NULL,0.48),
(135,271,39.90,55.80,4.20,NULL,0.09,37.37,2.08,0.19,0.05,0.06,NULL,0.83,54.73,0.14,3.74,0.51,NULL,NULL,NULL,NULL,NULL,NULL),
(136,272,15.20,23.30,60.00,NULL,0.08,10.83,3.36,0.33,0.43,0.14,NULL,0.09,22.98,0.60,53.85,5.72,NULL,NULL,NULL,NULL,NULL,0.50),
(137,273,0.60,0.30,0.10,NULL,0.01,0.44,0.11,NULL,NULL,NULL,NULL,0.02,0.29,0.02,0.02,0.00,0.00,0.06,0.00,0.07,0.00,NULL),
(138,274,0.40,0.30,0.20,NULL,0.00,0.29,0.08,NULL,NULL,NULL,NULL,0.01,0.22,0.02,0.03,NULL,0.00,0.06,0.00,0.08,NULL,NULL),
(139,275,0.10,0.00,0.10,0.00,0.00,0.06,0.02,NULL,NULL,NULL,NULL,0.00,0.04,0.00,0.00,NULL,0.01,0.01,0.00,0.08,NULL,NULL),
(140,276,0.60,0.30,0.60,NULL,0.01,0.42,0.11,NULL,NULL,NULL,NULL,0.01,0.27,0.02,0.02,0.02,0.00,0.10,NULL,0.42,NULL,NULL),
(141,277,1.00,1.30,3.20,NULL,0.02,0.70,0.26,0.02,0.02,NULL,NULL,0.02,1.27,0.02,2.68,0.29,0.03,0.03,NULL,0.19,NULL,0.04),
(142,278,0.50,0.20,0.00,NULL,0.01,0.27,0.17,0.00,0.00,0.00,NULL,0.02,0.18,0.00,0.01,0.01,0.00,0.00,NULL,0.01,0.00,NULL),
(143,279,0.60,0.30,0.20,0.00,0.03,0.43,0.14,NULL,0.00,0.00,NULL,0.03,0.28,0.00,0.02,0.08,0.03,0.02,NULL,0.06,0.00,NULL),
(144,280,0.90,1.10,1.20,NULL,0.02,0.65,0.23,0.02,0.02,0.00,NULL,0.02,1.01,0.03,1.08,0.07,0.00,0.04,NULL,0.04,0.03,0.01),
(145,281,1.50,2.20,5.20,NULL,0.01,1.03,0.37,0.03,0.04,0.02,NULL,0.01,2.17,0.03,4.62,0.47,0.02,0.01,0.02,0.07,NULL,NULL),
(146,282,0.20,0.10,0.20,NULL,NULL,0.07,0.12,NULL,NULL,NULL,NULL,0.00,0.08,0.01,0.00,NULL,0.03,0.01,0.01,0.12,NULL,NULL),
(147,283,0.10,0.10,0.20,0.00,0.00,0.07,0.07,NULL,NULL,NULL,NULL,0.00,0.06,0.01,0.00,NULL,0.02,0.02,0.02,0.10,NULL,NULL),
(148,284,0.40,0.20,0.20,NULL,0.01,0.23,0.14,0.01,0.01,0.00,NULL,0.05,0.16,0.01,0.03,0.00,0.04,0.08,0.01,0.09,0.01,NULL),
(149,285,0.10,0.10,0.20,NULL,0.00,0.08,0.04,0.00,NULL,NULL,NULL,0.02,0.06,0.00,0.02,0.00,0.02,0.08,0.01,NULL,0.00,NULL),
(150,286,2.50,3.60,8.80,NULL,NULL,1.69,0.59,0.05,0.08,0.03,NULL,0.05,3.54,NULL,7.76,0.82,0.05,0.08,NULL,0.10,NULL,NULL),
(151,287,0.20,0.20,0.00,NULL,NULL,0.10,0.09,0.01,0.01,NULL,NULL,0.01,0.14,NULL,0.03,0.00,NULL,NULL,NULL,NULL,NULL,NULL),
(152,288,2.50,2.30,0.30,NULL,0.30,1.57,0.31,0.01,0.02,NULL,NULL,1.21,1.02,0.01,0.09,0.12,0.03,0.04,0.01,0.03,0.04,NULL),
(153,289,4.80,6.40,2.60,NULL,0.51,3.25,0.83,NULL,NULL,NULL,NULL,2.91,3.22,0.26,0.43,0.17,0.16,0.84,0.33,0.26,NULL,NULL),
(154,290,4.50,6.50,2.30,NULL,0.52,3.15,0.68,NULL,NULL,NULL,NULL,3.12,3.11,0.24,0.21,0.17,0.16,0.89,0.36,0.29,NULL,NULL),
(155,291,1.20,0.70,0.10,NULL,0.04,0.75,0.26,0.01,0.01,0.01,NULL,0.18,0.49,0.00,0.04,0.03,0.02,0.01,0.00,0.00,0.01,NULL),
(156,292,0.70,0.50,0.10,NULL,0.05,0.46,0.13,0.01,0.00,0.01,NULL,0.20,0.27,0.02,0.01,0.02,0.02,0.03,0.03,0.04,0.01,NULL),
(157,293,1.50,1.20,0.30,NULL,0.12,0.99,0.32,0.02,0.01,0.00,0.01,0.42,0.69,0.03,0.03,NULL,0.04,0.05,0.04,0.05,0.02,NULL),
(158,294,0.70,0.60,0.60,NULL,0.06,0.49,0.17,NULL,NULL,NULL,NULL,0.23,0.33,0.03,0.02,0.01,0.09,0.17,0.10,0.20,0.01,NULL),
(159,295,3.00,1.40,0.40,0.01,0.19,1.85,0.66,0.03,0.05,0.04,NULL,0.29,1.05,0.07,0.14,NULL,0.06,0.02,0.03,0.04,0.02,NULL),
(160,296,2.00,2.20,1.20,0.02,0.16,1.24,0.47,0.02,0.04,NULL,NULL,0.34,1.82,0.02,0.49,0.17,0.21,0.13,0.06,0.18,0.01,NULL),
(161,297,5.50,7.00,8.10,NULL,0.22,3.40,1.39,0.09,0.12,0.04,0.04,0.02,6.72,0.11,6.43,0.78,0.34,0.03,0.08,0.23,0.04,0.06),
(162,299,5.50,5.40,10.40,NULL,0.28,3.74,1.08,0.09,0.11,0.04,NULL,0.30,4.90,0.09,7.53,0.84,0.09,0.44,0.17,1.16,NULL,0.04),
(163,300,5.30,6.00,11.70,NULL,0.21,3.59,1.17,0.09,0.13,0.06,NULL,0.23,5.53,0.15,8.92,0.87,0.08,0.35,0.14,1.13,NULL,NULL),
(164,301,0.20,0.10,0.30,NULL,NULL,0.12,0.06,NULL,NULL,0.00,NULL,0.00,0.10,0.00,0.02,NULL,0.02,0.03,0.00,0.23,NULL,NULL),
(165,302,0.90,0.50,0.40,NULL,0.17,0.59,0.08,0.00,NULL,0.02,NULL,0.15,0.35,0.00,0.03,0.05,0.02,0.03,0.02,0.11,NULL,NULL),
(166,303,1.40,2.10,4.30,NULL,0.08,1.03,0.26,NULL,0.03,NULL,NULL,0.14,1.77,0.10,3.07,0.36,NULL,0.19,0.00,0.60,NULL,NULL),
(167,304,0.80,2.40,0.90,NULL,0.04,0.40,0.22,0.02,0.01,0.01,NULL,0.75,1.61,0.00,0.04,0.05,0.05,0.18,0.13,0.43,0.01,NULL),
(168,305,2.30,3.20,5.20,NULL,0.14,1.55,0.48,0.04,0.05,0.02,NULL,0.16,2.78,0.19,4.21,0.41,0.02,0.01,0.03,0.45,0.01,0.06),
(169,306,2.20,4.40,9.10,NULL,NULL,1.55,0.53,0.04,0.06,NULL,NULL,0.46,3.91,0.07,6.63,0.75,0.05,0.22,0.08,0.54,NULL,NULL),
(170,307,0.90,2.30,0.30,NULL,0.05,0.47,0.24,0.02,0.01,0.01,NULL,0.77,1.51,0.00,0.03,0.04,0.02,0.06,0.04,0.13,0.01,NULL),
(171,308,1.00,1.10,1.20,NULL,0.06,0.64,0.23,0.02,0.01,0.00,NULL,0.10,0.98,0.04,0.87,0.07,0.02,0.02,0.01,0.12,0.02,0.01),
(172,309,1.30,2.90,4.30,NULL,NULL,0.96,0.28,0.03,0.03,NULL,NULL,0.09,2.82,0.04,3.75,0.41,NULL,0.03,0.02,0.10,NULL,NULL),
(173,310,0.30,0.20,0.40,NULL,0.02,0.19,0.05,NULL,NULL,0.00,NULL,0.03,0.15,0.01,0.01,0.01,0.01,0.09,0.01,0.23,NULL,NULL),
(174,311,1.80,1.30,0.30,0.00,0.16,1.05,0.46,0.02,0.01,NULL,0.02,0.18,0.97,0.06,0.12,0.06,0.04,0.01,NULL,0.02,0.00,0.01),
(175,312,0.60,0.40,0.10,NULL,0.03,0.40,0.12,0.00,0.00,0.00,NULL,0.12,0.32,0.00,0.02,0.02,0.01,0.01,0.01,0.01,0.00,NULL),
(176,313,1.10,0.70,0.20,0.00,0.04,0.61,0.34,0.01,0.01,NULL,0.01,0.09,0.50,0.03,0.09,0.02,0.02,0.01,0.00,0.00,0.00,0.00),
(177,314,0.40,0.10,0.00,0.00,0.01,0.19,0.14,0.00,0.00,0.00,NULL,0.01,0.11,0.00,0.02,0.00,0.00,0.00,NULL,0.00,0.00,NULL),
(178,315,3.10,4.40,7.00,NULL,0.51,2.02,0.61,NULL,NULL,NULL,NULL,0.69,3.37,0.23,2.99,0.40,0.09,1.21,0.59,1.22,NULL,NULL),
(179,316,2.50,2.90,3.10,0.01,0.30,1.39,0.49,0.04,0.12,0.07,NULL,0.36,2.26,0.19,1.73,0.03,0.04,0.43,0.22,0.46,NULL,NULL),
(180,317,3.60,4.10,5.00,0.01,0.42,2.00,0.73,0.05,0.17,0.10,NULL,0.54,3.18,0.29,2.43,0.33,0.07,0.72,0.36,0.75,0.02,NULL),
(181,318,1.70,0.50,0.30,NULL,0.16,1.07,0.36,0.03,0.02,0.01,0.00,0.11,0.33,0.02,0.04,0.02,0.02,0.05,0.00,0.18,NULL,NULL),
(182,319,4.10,5.50,11.90,NULL,0.32,2.66,0.84,0.11,0.11,0.04,NULL,0.33,5.03,0.09,9.78,0.99,0.09,0.44,0.06,0.46,NULL,0.07),
(183,320,2.60,3.10,6.10,NULL,0.07,1.71,0.62,0.06,0.07,0.02,NULL,0.06,2.92,0.04,5.13,0.43,0.03,0.09,0.01,0.36,NULL,0.09),
(184,321,1.70,0.50,0.20,0.00,0.21,1.00,0.27,0.02,0.01,0.01,NULL,0.13,0.28,0.02,0.03,0.02,0.01,0.03,0.00,0.06,0.00,NULL),
(185,322,0.60,0.40,0.40,0.00,0.03,0.37,0.17,0.01,0.02,0.00,NULL,0.08,0.26,0.01,0.09,0.02,0.10,NULL,0.02,0.12,0.01,0.00),
(186,323,1.90,2.60,1.10,NULL,0.07,1.23,0.61,NULL,NULL,NULL,NULL,0.13,2.39,0.04,1.00,0.04,NULL,NULL,NULL,NULL,NULL,NULL),
(187,324,7.80,2.50,0.10,NULL,0.14,3.91,3.64,0.05,0.02,NULL,NULL,0.03,2.47,NULL,0.13,NULL,NULL,NULL,NULL,NULL,5.32,0.10),
(188,325,9.40,3.20,0.20,0.09,0.12,3.98,5.07,0.07,0.05,0.02,NULL,0.04,3.14,NULL,0.25,NULL,NULL,NULL,NULL,NULL,6.19,0.11),
(189,326,4.80,4.60,0.30,NULL,0.27,2.50,1.83,0.01,0.01,NULL,NULL,0.33,4.17,0.03,0.22,0.02,0.02,NULL,NULL,NULL,0.22,0.02),
(190,327,2.70,2.40,0.10,NULL,0.14,1.35,1.09,0.01,0.01,NULL,NULL,0.18,2.22,0.01,0.12,0.01,0.01,NULL,NULL,NULL,0.10,NULL),
(191,328,5.50,3.70,0.30,0.01,0.36,2.68,2.16,0.01,0.01,NULL,NULL,0.33,3.32,0.04,0.22,0.03,0.01,NULL,NULL,NULL,0.28,0.02),
(192,329,2.80,2.30,0.20,NULL,0.14,1.33,1.19,0.01,NULL,NULL,NULL,0.16,2.12,0.01,0.14,0.02,0.02,0.01,NULL,NULL,0.17,0.02),
(193,330,3.90,3.50,0.90,0.01,0.25,2.10,1.42,0.02,0.02,NULL,NULL,0.29,3.22,0.02,0.81,0.09,0.02,NULL,NULL,NULL,0.25,0.11),
(194,331,4.20,5.00,5.50,NULL,0.17,2.47,1.40,0.05,0.06,0.02,0.05,0.27,4.59,0.05,4.89,0.52,0.03,NULL,NULL,NULL,0.17,0.05),
(195,332,2.40,1.40,0.10,NULL,0.11,1.08,1.10,0.01,NULL,0.01,NULL,0.09,1.29,NULL,0.07,0.01,0.01,NULL,NULL,NULL,0.13,0.01),
(196,333,3.30,1.40,0.10,0.01,0.07,1.52,1.49,0.01,NULL,0.02,NULL,0.14,1.26,0.01,0.09,0.01,0.01,NULL,NULL,NULL,0.07,0.01),
(197,334,6.90,6.20,0.10,0.01,0.53,3.82,2.03,0.01,NULL,NULL,NULL,0.73,5.33,0.01,0.14,NULL,0.01,NULL,NULL,NULL,0.28,0.03),
(198,335,8.80,8.70,0.30,NULL,0.53,4.93,2.82,0.02,NULL,NULL,NULL,0.88,7.67,0.04,0.22,NULL,0.04,0.02,NULL,NULL,0.28,0.02),
(199,336,1.90,1.90,0.10,NULL,0.12,1.05,0.58,0.00,0.00,0.00,NULL,0.20,1.66,0.01,0.07,0.00,0.01,NULL,NULL,NULL,0.06,0.00),
(200,337,4.30,4.30,0.20,0.01,0.27,2.42,1.29,0.01,0.01,NULL,NULL,0.44,3.85,NULL,0.16,0.04,0.04,NULL,NULL,NULL,0.14,0.01),
(201,338,4.80,5.40,0.40,NULL,0.31,2.61,1.73,0.01,0.02,NULL,0.10,0.50,4.68,0.02,0.19,0.05,0.06,0.02,0.04,NULL,0.32,0.08),
(202,339,8.70,6.60,0.20,NULL,0.80,4.45,3.14,NULL,NULL,NULL,NULL,0.54,5.70,NULL,0.16,NULL,NULL,NULL,NULL,NULL,0.80,NULL),
(203,340,7.20,8.10,6.90,NULL,0.33,4.21,2.35,0.05,0.06,0.02,0.09,0.45,7.36,0.03,6.22,0.61,0.05,NULL,0.02,NULL,0.36,NULL),
(204,341,6.70,4.60,0.10,0.01,0.40,3.15,2.85,0.02,0.01,NULL,NULL,0.35,4.21,0.02,0.13,NULL,NULL,NULL,NULL,NULL,0.24,0.01),
(205,342,8.80,5.60,0.20,0.02,0.59,4.28,3.53,0.02,NULL,NULL,NULL,0.47,5.06,NULL,0.17,0.03,0.02,NULL,NULL,NULL,0.23,0.02),
(206,343,5.60,5.50,0.20,0.01,0.41,3.21,1.57,0.01,0.01,NULL,NULL,0.62,4.81,0.01,0.15,0.05,0.02,NULL,NULL,NULL,0.17,0.02),
(207,344,7.40,6.30,0.20,0.01,0.50,4.24,2.24,0.01,NULL,NULL,NULL,0.63,5.58,NULL,0.14,0.03,0.01,NULL,NULL,NULL,0.19,0.01),
(208,345,2.70,2.60,0.10,NULL,0.15,1.48,0.89,0.01,NULL,NULL,NULL,0.22,2.32,0.01,0.09,NULL,0.02,0.01,NULL,NULL,0.08,0.01),
(209,346,2.00,1.90,0.10,NULL,0.09,1.12,0.68,NULL,NULL,0.01,NULL,0.16,1.75,NULL,0.07,0.01,0.01,NULL,NULL,NULL,0.04,NULL),
(210,347,11.80,12.10,0.30,0.03,0.89,6.32,3.76,0.03,NULL,NULL,NULL,1.17,10.64,0.08,0.13,0.15,0.03,NULL,NULL,NULL,0.76,0.10),
(211,348,14.90,12.70,0.30,0.03,1.11,7.76,5.15,0.03,NULL,NULL,NULL,1.31,11.05,0.12,0.15,0.12,NULL,NULL,NULL,NULL,0.76,0.15),
(212,349,3.50,4.10,0.20,NULL,0.20,1.99,1.14,0.01,0.01,NULL,NULL,0.45,3.59,0.01,0.11,0.02,0.02,NULL,NULL,NULL,0.16,0.08),
(213,350,2.90,2.40,0.10,NULL,0.21,1.66,0.98,0.01,NULL,NULL,NULL,0.22,2.12,NULL,0.05,0.01,0.01,NULL,NULL,NULL,0.10,0.04),
(214,351,4.30,3.40,0.20,NULL,0.26,2.36,1.46,0.01,NULL,NULL,NULL,0.28,3.10,0.01,0.14,0.01,0.02,NULL,NULL,NULL,0.15,0.05),
(215,352,3.90,3.70,0.10,NULL,0.29,2.34,1.06,0.01,NULL,NULL,NULL,0.45,3.23,NULL,0.08,0.01,0.01,NULL,NULL,NULL,0.12,0.02),
(216,353,5.50,5.40,0.20,0.02,0.40,3.07,1.65,0.01,0.01,NULL,NULL,0.61,4.71,0.02,0.16,0.03,0.02,NULL,NULL,NULL,0.22,0.01),
(217,354,6.80,6.40,0.20,0.01,0.46,3.80,2.06,0.01,0.01,NULL,NULL,0.71,5.56,0.04,0.15,0.06,NULL,NULL,NULL,NULL,0.30,0.03),
(218,355,2.80,1.50,0.10,0.00,0.18,1.28,1.44,0.01,0.01,0.00,NULL,0.09,1.43,0.01,0.05,0.00,0.00,NULL,0.00,NULL,0.16,0.05),
(219,356,4.70,2.20,1.10,NULL,0.14,2.30,1.86,0.01,0.12,0.02,NULL,0.23,1.89,NULL,0.37,0.10,0.31,0.07,0.16,0.04,0.09,0.02),
(220,357,2.90,1.90,0.20,NULL,0.17,1.44,1.16,0.01,0.01,NULL,NULL,0.15,1.69,0.01,0.11,0.02,0.03,0.01,NULL,NULL,0.10,0.01),
(221,358,4.50,3.10,0.20,NULL,0.25,2.21,1.76,0.01,NULL,0.01,NULL,0.23,2.87,NULL,0.16,0.02,0.02,NULL,NULL,NULL,0.14,0.02),
(222,359,3.90,2.80,0.10,NULL,0.27,2.07,1.40,0.01,NULL,NULL,NULL,0.28,2.49,0.01,0.08,0.01,NULL,NULL,NULL,NULL,0.16,NULL),
(223,360,3.10,2.30,0.10,NULL,0.19,1.65,1.13,0.01,NULL,NULL,NULL,0.18,2.09,NULL,0.07,0.01,0.01,NULL,NULL,NULL,0.11,0.02),
(224,361,12.10,10.40,0.50,0.02,0.95,6.35,3.98,0.02,NULL,NULL,NULL,1.10,9.07,0.07,0.29,0.12,0.05,NULL,NULL,NULL,0.50,0.05),
(225,362,7.30,6.50,0.30,0.01,0.59,3.77,2.39,0.01,NULL,NULL,NULL,0.71,5.63,0.06,0.16,0.09,0.01,NULL,NULL,NULL,0.43,NULL),
(226,363,3.90,4.00,0.20,NULL,0.22,2.22,1.25,0.01,0.02,NULL,NULL,0.42,3.54,0.01,0.12,0.02,0.01,NULL,NULL,NULL,0.15,0.07),
(227,364,2.30,2.30,0.10,NULL,0.14,1.36,0.66,NULL,0.00,NULL,NULL,0.25,1.98,NULL,0.06,0.01,0.00,NULL,NULL,NULL,0.08,0.00),
(228,365,11.20,10.30,0.50,NULL,0.68,5.54,4.20,0.02,0.02,NULL,NULL,0.77,9.31,NULL,0.43,0.09,0.02,NULL,NULL,NULL,0.41,0.02),
(229,366,6.80,6.80,0.30,0.01,0.41,3.40,2.63,0.01,NULL,NULL,NULL,0.48,6.11,0.06,0.26,0.04,0.01,NULL,0.01,NULL,0.29,0.01),
(230,367,3.10,3.10,0.10,0.01,0.21,1.71,0.93,0.01,NULL,NULL,NULL,0.32,2.70,0.01,0.09,0.01,0.01,NULL,NULL,NULL,0.08,0.01),
(231,368,9.70,7.70,0.20,0.02,0.63,4.96,3.49,0.04,0.02,NULL,NULL,0.77,6.79,0.04,0.19,0.04,0.02,NULL,NULL,NULL,0.42,0.06),
(232,369,3.40,3.30,0.10,NULL,0.20,1.79,1.10,0.01,0.01,NULL,NULL,0.36,2.85,0.02,NULL,0.04,0.03,0.01,NULL,NULL,0.16,0.01),
(233,370,5.10,4.90,0.30,NULL,0.32,2.82,1.61,0.01,0.01,NULL,NULL,0.52,4.28,0.03,0.16,0.04,0.04,0.01,NULL,NULL,0.21,0.01),
(234,371,2.90,2.80,0.10,NULL,0.13,1.64,0.99,0.01,0.01,0.01,NULL,0.26,2.48,0.01,0.09,0.03,0.01,NULL,NULL,NULL,0.13,0.05),
(235,372,2.20,2.60,0.10,NULL,0.12,1.27,0.71,0.01,0.01,NULL,NULL,0.21,2.35,0.01,0.07,0.01,0.01,NULL,NULL,NULL,0.08,0.02),
(236,373,3.50,2.90,0.20,0.01,0.19,1.72,1.38,0.01,NULL,NULL,NULL,0.24,2.60,0.02,0.12,0.01,0.01,NULL,NULL,NULL,0.20,0.01),
(237,374,3.40,3.00,0.20,0.01,0.18,1.68,1.31,0.01,0.01,0.01,NULL,0.23,2.69,0.02,0.16,0.01,0.01,NULL,NULL,NULL,0.15,0.01),
(238,375,2.70,2.10,0.10,0.01,0.15,1.33,1.11,0.01,NULL,NULL,NULL,0.16,1.90,0.01,0.11,NULL,0.01,NULL,NULL,NULL,0.15,0.03),
(239,376,2.00,1.90,0.20,NULL,0.11,1.08,0.66,NULL,0.01,NULL,NULL,0.17,1.65,0.01,0.10,0.02,0.03,NULL,NULL,NULL,0.07,0.01),
(240,377,3.10,3.10,0.30,0.01,0.15,1.59,1.13,0.01,0.01,0.01,NULL,0.25,2.81,0.04,0.17,0.03,0.05,0.01,0.03,NULL,0.11,0.01),
(241,378,11.70,11.50,0.40,0.02,0.86,6.10,4.08,0.02,NULL,NULL,NULL,1.09,10.21,0.07,0.32,0.10,0.02,NULL,NULL,NULL,0.67,0.05),
(242,379,8.20,9.20,0.50,NULL,0.56,4.40,2.62,0.02,NULL,NULL,NULL,0.95,8.03,0.04,0.26,0.15,0.02,NULL,NULL,NULL,0.54,0.04),
(243,380,6.10,6.70,0.30,NULL,0.42,3.46,1.83,0.01,0.01,NULL,NULL,0.73,5.86,0.01,0.22,0.05,0.03,NULL,NULL,NULL,0.22,0.03),
(244,381,7.90,9.20,0.40,NULL,0.59,4.59,2.15,0.02,0.02,NULL,NULL,1.01,8.04,0.03,0.25,0.07,0.05,0.02,NULL,NULL,0.23,0.04),
(245,382,2.00,2.10,0.10,0.00,0.15,1.18,0.61,0.00,0.00,0.00,NULL,0.22,1.83,0.01,0.08,0.00,0.01,NULL,NULL,NULL,0.04,0.00),
(246,383,4.50,5.20,0.30,0.01,0.32,2.48,1.36,0.01,0.01,0.01,NULL,0.51,4.64,NULL,0.22,NULL,0.04,NULL,NULL,NULL,0.11,0.02),
(247,384,10.50,8.30,0.40,0.03,0.68,5.11,4.42,0.04,NULL,NULL,0.12,0.59,7.52,0.03,0.24,0.08,0.05,NULL,0.05,NULL,0.71,0.22),
(248,385,8.70,7.50,0.30,0.02,0.70,4.45,3.05,0.03,NULL,NULL,0.18,0.40,6.76,0.04,0.18,0.10,0.03,NULL,0.05,NULL,0.59,0.07),
(249,386,2.60,3.40,4.70,0.01,0.03,1.76,0.65,0.05,0.06,0.02,NULL,0.02,3.32,0.07,4.33,0.32,0.01,NULL,NULL,NULL,0.45,0.13),
(250,388,5.10,7.40,11.50,NULL,0.13,3.13,1.51,0.08,0.10,0.04,NULL,0.16,7.10,0.07,10.47,1.04,NULL,NULL,NULL,NULL,0.27,NULL),
(251,390,5.40,5.20,1.40,NULL,0.03,2.62,2.56,0.08,0.08,0.03,NULL,0.04,5.12,0.03,1.22,0.07,NULL,NULL,NULL,NULL,6.21,0.96),
(252,391,4.40,6.60,3.00,NULL,0.09,3.36,0.93,NULL,0.03,NULL,NULL,0.80,5.75,NULL,2.96,0.01,0.06,NULL,NULL,NULL,0.03,0.01),
(253,392,4.40,7.50,2.30,NULL,0.09,3.23,1.00,0.01,0.00,NULL,NULL,0.69,6.73,0.03,2.18,0.09,0.00,NULL,0.00,0.00,0.03,0.01),
(254,393,2.20,3.40,1.20,NULL,0.04,1.57,0.59,0.01,0.00,0.00,NULL,0.26,3.14,0.02,1.16,0.04,0.00,NULL,0.00,0.00,0.01,NULL),
(255,394,4.90,6.30,3.40,NULL,0.12,3.49,1.16,0.01,0.01,NULL,NULL,0.66,5.56,0.06,3.15,0.13,0.09,NULL,NULL,NULL,0.09,NULL),
(256,395,3.50,4.30,1.60,NULL,0.06,2.33,1.03,0.02,0.02,0.01,0.01,0.37,0.08,0.04,1.41,0.04,0.08,NULL,0.01,NULL,0.08,0.02),
(257,396,3.10,3.80,2.20,NULL,0.06,2.28,0.76,0.02,0.00,NULL,0.01,0.38,3.35,0.02,2.11,0.09,0.00,0.00,NULL,NULL,0.12,0.02),
(258,397,3.00,4.10,2.20,NULL,0.05,2.24,0.68,0.01,0.02,NULL,NULL,0.45,3.61,0.02,2.00,0.09,0.05,NULL,NULL,NULL,0.04,NULL),
(259,398,2.00,2.10,1.10,NULL,0.12,1.31,0.50,0.01,0.00,NULL,0.01,0.20,1.84,0.01,1.10,0.05,0.00,0.00,NULL,NULL,NULL,NULL),
(260,399,1.60,2.10,0.80,NULL,0.03,1.19,0.40,0.00,0.01,NULL,NULL,0.24,1.82,0.01,0.80,0.02,0.03,NULL,NULL,NULL,0.01,NULL),
(261,400,1.30,0.70,0.60,0.00,0.02,0.69,0.58,0.01,0.01,0.01,NULL,0.05,0.58,0.01,0.38,0.01,0.13,NULL,0.03,0.02,0.01,NULL),
(262,401,1.60,2.40,3.30,NULL,0.02,1.09,0.44,0.03,0.04,0.02,NULL,0.05,2.24,0.03,3.01,0.23,0.04,0.02,NULL,NULL,0.02,0.02),
(263,402,5.20,7.20,3.90,NULL,0.11,3.94,1.01,0.02,0.03,NULL,NULL,0.88,6.31,0.03,3.57,0.20,0.07,NULL,NULL,NULL,0.07,NULL),
(264,403,2.10,2.60,1.80,NULL,0.04,1.48,0.57,0.01,0.00,0.00,0.01,0.19,2.36,0.02,1.73,0.09,0.00,0.00,NULL,NULL,0.10,0.02),
(265,404,2.20,2.50,1.50,NULL,0.04,1.58,0.55,0.01,0.00,NULL,0.01,0.23,2.26,0.02,1.42,0.07,0.00,0.00,NULL,NULL,0.09,0.02),
(266,405,1.40,1.90,1.00,NULL,0.03,1.04,0.31,0.00,0.01,NULL,NULL,0.23,1.63,0.01,0.92,0.04,0.05,NULL,NULL,NULL,0.01,NULL),
(267,406,2.20,2.70,1.80,NULL,0.04,1.53,0.56,0.01,0.00,0.00,0.01,0.22,2.45,0.02,1.70,0.10,0.00,0.00,0.00,NULL,0.10,0.02),
(268,407,2.20,3.20,0.90,NULL,0.06,1.66,0.46,0.01,0.01,NULL,NULL,0.44,2.75,0.03,0.80,0.03,0.03,NULL,NULL,NULL,0.03,NULL),
(269,408,1.10,1.10,0.60,NULL,0.02,0.74,0.33,0.01,0.00,0.00,NULL,0.07,0.98,0.01,0.53,0.02,0.00,0.00,NULL,NULL,0.04,0.01),
(270,409,1.10,1.30,0.00,NULL,0.03,0.79,0.25,0.00,0.01,NULL,NULL,0.16,1.16,0.01,0.00,0.01,0.02,NULL,NULL,NULL,0.01,NULL),
(271,410,0.90,0.90,0.30,NULL,0.02,0.65,0.27,0.00,0.00,0.00,NULL,0.07,0.80,0.01,0.31,0.01,0.00,0.00,NULL,NULL,0.04,0.00),
(272,411,4.20,5.40,3.90,NULL,0.07,3.08,1.02,0.01,0.00,NULL,0.02,0.50,4.80,0.04,3.64,0.21,0.00,0.00,NULL,NULL,0.19,0.04),
(273,412,6.50,9.60,3.60,NULL,0.12,4.96,1.31,0.02,0.02,NULL,NULL,1.13,8.44,0.02,3.41,0.12,0.08,NULL,NULL,NULL,0.06,NULL),
(274,413,3.30,4.20,3.10,NULL,0.06,2.41,0.82,0.01,0.00,NULL,0.01,0.42,3.76,0.03,2.86,0.17,0.00,0.00,NULL,NULL,0.14,0.04),
(275,414,3.00,4.50,1.60,NULL,0.06,2.30,0.61,0.01,0.02,NULL,NULL,0.57,3.87,0.02,1.45,0.04,0.05,NULL,NULL,NULL,0.03,NULL),
(276,415,5.70,5.80,0.80,0.02,0.39,3.06,1.97,0.02,NULL,NULL,0.12,0.58,4.96,0.03,0.68,0.08,0.03,NULL,NULL,0.01,0.81,0.19),
(277,416,5.90,6.00,3.70,NULL,0.29,3.18,2.19,0.03,0.03,0.02,0.07,0.41,5.37,0.07,3.28,0.29,0.03,NULL,0.02,NULL,0.33,0.11),
(278,417,5.10,4.80,1.20,NULL,0.26,2.72,2.01,0.02,0.01,NULL,0.05,0.42,4.25,0.02,1.08,0.10,0.04,0.02,NULL,NULL,0.30,0.06),
(279,418,5.20,7.30,3.50,0.01,0.16,3.59,1.35,0.02,NULL,NULL,0.01,0.52,6.70,0.08,3.08,0.17,NULL,NULL,NULL,NULL,0.04,NULL),
(280,419,5.00,7.20,4.30,NULL,0.14,3.46,1.33,0.03,NULL,NULL,NULL,0.45,6.60,0.10,3.85,0.25,0.09,NULL,NULL,NULL,0.04,NULL),
(281,420,4.70,6.80,3.40,NULL,0.14,3.26,1.26,0.02,NULL,NULL,NULL,0.44,6.20,0.09,3.00,0.17,0.09,NULL,NULL,NULL,0.04,NULL),
(282,421,4.00,5.00,1.70,0.01,0.15,2.52,1.24,0.02,NULL,NULL,NULL,0.25,4.66,0.08,1.48,0.05,0.06,NULL,NULL,NULL,0.03,NULL),
(283,422,6.50,8.20,2.70,NULL,0.25,4.17,2.01,0.03,NULL,NULL,NULL,0.29,7.66,0.13,2.43,0.11,0.09,NULL,NULL,NULL,0.03,NULL),
(284,423,7.00,8.70,2.60,NULL,0.27,4.47,2.17,0.03,NULL,NULL,NULL,0.44,8.07,0.13,2.35,0.10,0.10,NULL,NULL,NULL,0.03,NULL),
(285,424,6.10,8.10,4.70,NULL,0.17,4.15,1.74,NULL,NULL,NULL,NULL,0.60,7.36,0.12,4.41,0.28,NULL,NULL,NULL,NULL,NULL,NULL),
(286,425,1.60,1.20,1.40,NULL,0.03,1.10,0.47,0.02,0.00,0.00,NULL,0.11,1.60,0.01,1.41,0.03,0.00,0.00,NULL,NULL,0.02,0.00),
(287,426,0.40,0.40,0.70,0.01,0.01,0.26,0.14,0.00,0.01,NULL,NULL,0.03,0.41,0.00,0.63,0.03,0.06,NULL,NULL,NULL,NULL,NULL),
(288,427,3.50,3.90,1.20,0.01,0.13,2.17,1.12,0.02,NULL,NULL,NULL,0.21,3.37,0.06,1.12,0.05,0.05,NULL,NULL,NULL,NULL,NULL),
(289,428,6.00,6.60,4.60,0.05,0.31,3.58,1.94,0.04,0.02,0.02,NULL,0.25,6.17,0.11,4.07,0.32,0.07,NULL,0.02,NULL,0.16,0.05),
(290,429,7.50,7.70,1.20,0.02,0.27,4.27,2.82,0.03,NULL,NULL,NULL,0.31,7.14,0.13,1.03,0.03,0.03,NULL,NULL,NULL,0.09,NULL),
(291,430,11.80,13.90,3.10,NULL,0.34,7.10,4.16,0.06,NULL,NULL,NULL,0.63,12.90,0.23,2.75,0.12,0.09,NULL,NULL,NULL,0.06,NULL),
(292,431,7.40,8.30,2.30,0.02,0.28,4.59,2.42,0.03,NULL,NULL,NULL,0.45,7.64,0.12,2.11,0.09,0.08,NULL,NULL,NULL,NULL,NULL),
(293,432,2.60,2.90,0.70,NULL,0.08,1.54,0.97,0.01,NULL,NULL,NULL,0.11,2.63,0.16,0.55,0.07,0.02,NULL,NULL,NULL,0.02,NULL),
(294,433,3.30,3.70,1.00,0.01,0.12,2.08,1.00,0.02,NULL,NULL,NULL,0.22,3.39,0.06,0.88,0.04,0.05,NULL,NULL,NULL,NULL,NULL),
(295,434,7.30,11.20,2.80,0.02,0.33,4.99,1.84,0.03,NULL,NULL,NULL,0.90,10.15,0.19,2.58,0.11,0.09,NULL,NULL,NULL,NULL,NULL),
(296,435,4.80,6.40,1.90,NULL,0.15,2.96,1.59,0.03,NULL,NULL,NULL,0.29,5.91,0.11,1.66,0.05,0.11,NULL,NULL,NULL,NULL,NULL),
(297,436,4.20,5.00,1.70,0.01,0.16,2.58,1.29,0.02,0.02,NULL,NULL,0.26,4.64,0.09,1.51,0.06,0.08,NULL,NULL,NULL,NULL,NULL),
(298,437,11.60,16.70,4.30,NULL,0.37,7.37,3.58,0.07,NULL,NULL,NULL,0.78,15.49,0.30,3.85,0.16,0.07,NULL,NULL,NULL,0.07,NULL),
(299,438,1.90,2.60,1.00,NULL,0.06,1.22,0.63,0.01,NULL,NULL,NULL,0.13,2.39,0.05,0.87,0.04,0.04,NULL,NULL,NULL,0.01,NULL),
(300,439,0.90,1.10,0.50,NULL,0.03,0.55,0.27,NULL,NULL,NULL,NULL,0.07,1.04,0.02,0.38,0.01,0.04,NULL,NULL,NULL,NULL,NULL),
(301,440,1.20,0.90,0.30,NULL,0.08,0.68,0.43,NULL,NULL,NULL,NULL,0.06,0.87,NULL,0.25,0.02,NULL,NULL,0.00,NULL,0.06,NULL),
(302,441,0.70,0.70,0.30,NULL,0.03,0.35,0.24,NULL,NULL,NULL,NULL,0.06,0.63,0.01,0.21,0.03,0.02,0.01,0.01,NULL,0.03,NULL),
(303,442,4.60,5.00,5.00,NULL,0.16,2.50,1.68,0.04,0.05,0.03,0.03,0.17,4.75,0.05,4.55,0.41,0.03,NULL,NULL,NULL,0.18,0.08),
(304,443,9.60,12.10,4.70,NULL,0.34,5.78,3.09,0.05,NULL,NULL,NULL,0.55,11.21,0.23,4.23,0.19,0.03,NULL,NULL,NULL,0.10,NULL),
(305,444,17.70,20.10,10.10,0.06,0.75,11.42,5.21,0.09,NULL,NULL,NULL,0.98,18.82,0.28,9.32,0.68,0.15,NULL,NULL,NULL,0.21,NULL),
(306,445,20.00,26.20,14.60,NULL,0.64,12.89,6.17,0.12,0.07,NULL,NULL,1.02,24.55,0.45,12.93,0.86,NULL,NULL,0.06,NULL,0.33,0.25),
(307,446,1.10,0.60,0.00,0.05,0.19,0.54,0.25,0.00,0.00,NULL,0.01,0.02,0.53,0.01,0.03,0.02,0.00,NULL,NULL,NULL,0.06,0.00),
(308,447,11.80,5.10,0.50,0.49,1.91,5.58,2.38,0.04,NULL,NULL,0.18,0.36,4.50,NULL,0.33,0.07,NULL,NULL,NULL,NULL,0.63,NULL),
(309,448,1.80,0.90,0.10,0.07,0.30,0.91,0.40,0.01,0.00,0.00,0.02,0.04,0.83,0.01,0.06,0.03,0.00,NULL,0.00,0.00,NULL,NULL),
(310,449,0.20,0.10,NULL,0.01,0.03,0.10,0.05,NULL,NULL,NULL,NULL,NULL,0.09,NULL,0.00,NULL,NULL,NULL,NULL,NULL,0.01,NULL),
(311,451,1.40,0.70,0.10,0.07,0.26,0.70,0.29,0.00,NULL,NULL,0.01,0.03,0.62,0.00,0.05,0.02,0.00,NULL,0.00,0.00,NULL,NULL),
(312,452,1.40,0.60,0.10,0.06,0.25,0.70,0.29,0.00,0.00,NULL,0.01,0.03,0.59,0.00,0.04,0.02,0.00,NULL,NULL,NULL,0.06,0.00),
(313,453,4.20,1.70,0.20,0.17,0.73,2.10,0.82,0.01,NULL,NULL,NULL,0.14,1.47,0.02,0.10,0.04,NULL,NULL,NULL,NULL,0.20,0.03),
(314,454,2.40,0.80,0.10,0.10,0.29,1.00,0.60,0.01,0.00,NULL,NULL,0.03,0.79,NULL,0.11,0.01,0.01,NULL,NULL,NULL,0.10,0.02),
(315,455,1.10,0.60,0.10,0.03,0.14,0.53,0.29,0.01,0.00,0.00,0.01,0.03,0.56,0.00,0.11,0.01,0.00,NULL,NULL,NULL,0.19,0.03),
(316,456,0.60,0.20,0.00,0.02,0.09,0.29,0.12,0.00,0.01,0.00,0.01,0.02,0.20,NULL,0.03,0.00,0.00,NULL,NULL,NULL,0.02,0.00),
(317,458,1.40,0.70,0.10,0.06,0.25,0.71,0.29,NULL,NULL,NULL,0.01,0.03,0.65,NULL,0.04,0.02,NULL,NULL,0.00,0.00,NULL,NULL),
(318,459,16.30,7.10,0.50,0.58,2.62,8.11,3.48,0.05,NULL,0.03,0.15,0.56,6.25,0.05,0.41,0.10,NULL,NULL,NULL,NULL,0.84,0.10),
(319,461,11.40,5.80,0.40,0.41,1.73,5.78,2.53,0.04,0.02,0.02,0.16,0.39,5.14,0.04,0.28,0.06,0.02,NULL,NULL,NULL,0.54,0.12),
(320,462,13.20,5.60,0.30,0.55,2.13,6.15,2.59,0.05,NULL,NULL,0.23,0.46,4.82,NULL,0.24,0.10,NULL,NULL,NULL,NULL,0.99,NULL),
(321,463,14.20,6.00,0.50,0.61,2.37,6.66,3.02,NULL,NULL,NULL,0.22,0.43,5.22,NULL,0.31,0.08,NULL,NULL,NULL,NULL,0.86,NULL),
(322,464,19.70,8.70,0.40,0.70,3.26,10.07,4.24,0.06,0.03,0.03,0.32,0.63,7.67,0.03,0.29,0.11,0.03,NULL,NULL,NULL,1.01,0.16),
(323,465,15.90,7.30,0.40,0.58,2.58,8.05,3.38,0.05,NULL,NULL,0.23,0.49,6.45,0.05,0.33,0.08,NULL,NULL,NULL,NULL,0.85,0.18),
(324,466,1.60,0.80,0.00,0.05,0.23,0.81,0.40,0.01,NULL,NULL,0.02,0.05,0.76,NULL,0.04,0.01,NULL,NULL,NULL,NULL,0.09,NULL),
(325,467,16.30,6.80,0.50,0.71,2.67,7.59,3.16,NULL,NULL,NULL,0.27,0.51,5.91,NULL,0.42,0.11,NULL,NULL,NULL,NULL,0.87,NULL),
(326,468,13.70,6.40,0.30,0.52,2.26,7.16,2.72,0.04,0.04,0.02,0.24,0.50,5.54,0.04,0.24,0.07,NULL,NULL,NULL,NULL,0.55,0.11),
(327,469,4.50,2.40,0.20,0.15,0.66,2.28,1.06,0.02,0.02,0.02,0.06,0.15,2.16,0.02,0.14,0.02,0.01,NULL,NULL,NULL,0.21,0.04),
(328,484,6.40,7.00,6.20,0.08,0.42,4.20,1.56,0.04,0.05,0.02,0.04,0.26,6.61,0.05,5.53,0.44,0.15,NULL,NULL,0.04,0.15,NULL),
(329,485,8.90,12.10,2.70,0.00,0.13,6.39,2.31,0.01,0.03,NULL,0.03,1.07,11.01,0.03,2.20,0.10,0.44,NULL,NULL,NULL,0.04,0.07),
(330,487,9.20,12.10,4.00,NULL,0.08,6.56,2.43,NULL,0.03,NULL,NULL,0.67,11.29,0.07,3.25,0.05,0.44,NULL,NULL,0.10,0.05,0.03),
(331,488,2.90,3.80,1.10,NULL,0.02,2.07,0.76,NULL,0.01,NULL,NULL,0.21,3.51,0.02,0.94,0.02,0.12,NULL,NULL,0.02,0.02,NULL),
(332,489,2.60,3.60,1.20,NULL,0.02,1.87,0.69,NULL,0.01,0.01,NULL,0.23,3.33,0.01,0.88,0.02,0.14,NULL,0.05,0.04,NULL,NULL),
(333,490,4.10,5.70,4.90,NULL,0.03,2.95,1.05,0.02,0.03,0.02,NULL,0.23,5.45,0.04,4.34,0.33,0.17,NULL,NULL,0.03,0.02,NULL),
(334,491,1.10,0.60,0.30,0.00,0.02,0.51,0.55,0.02,0.01,0.00,NULL,0.01,0.62,NULL,0.29,0.03,NULL,NULL,NULL,NULL,0.01,NULL),
(335,495,17.50,10.00,0.90,0.09,0.34,7.46,9.12,0.26,0.03,NULL,NULL,0.14,9.75,0.06,0.91,0.03,NULL,NULL,NULL,NULL,0.17,0.10),
(336,496,14.10,9.30,3.20,0.10,0.33,6.24,6.73,0.20,0.04,0.02,NULL,0.09,9.14,NULL,3.09,0.07,NULL,NULL,NULL,NULL,0.20,NULL),
(337,497,19.20,11.40,1.50,0.06,0.22,8.08,10.29,0.31,0.06,0.03,NULL,0.10,11.32,NULL,1.41,0.10,NULL,NULL,NULL,NULL,0.18,NULL),
(338,498,13.10,8.10,1.00,0.01,0.06,5.61,7.08,0.21,0.04,0.02,NULL,0.05,8.03,0.01,0.94,0.06,NULL,NULL,NULL,NULL,0.14,NULL),
(339,499,8.40,0.40,0.10,4.56,1.56,0.61,0.20,NULL,NULL,NULL,NULL,NULL,0.36,NULL,0.07,NULL,NULL,NULL,NULL,NULL,NULL,NULL),
(340,500,0.00,0.00,0.00,0.00,0.00,0.02,0.00,0.00,NULL,0.00,NULL,NULL,0.02,NULL,0.01,0.01,NULL,NULL,NULL,NULL,NULL,NULL),
(341,501,1.30,3.90,2.00,NULL,NULL,0.73,0.17,0.08,0.20,0.13,NULL,NULL,3.74,0.11,1.94,0.01,NULL,NULL,NULL,NULL,NULL,NULL),
(342,502,0.00,0.00,0.00,NULL,NULL,0.00,0.00,NULL,NULL,NULL,NULL,NULL,0.00,NULL,0.00,NULL,NULL,NULL,NULL,NULL,NULL,NULL),
(343,509,11.30,4.80,4.70,4.10,1.60,2.97,1.47,0.04,0.04,NULL,NULL,0.16,4.55,0.04,4.19,0.35,0.11,NULL,NULL,NULL,0.05,NULL),
(344,511,5.30,1.10,4.90,NULL,0.01,4.04,0.95,0.29,0.06,NULL,NULL,0.01,1.11,0.02,4.82,0.11,NULL,NULL,NULL,NULL,NULL,NULL),
(345,512,4.00,1.60,0.10,0.27,0.59,1.73,0.95,0.02,0.02,NULL,0.05,0.10,1.50,NULL,0.11,0.04,NULL,NULL,NULL,NULL,0.55,0.04),
(346,518,0.00,0.00,0.00,0.00,0.00,0.00,0.00,NULL,0.00,NULL,NULL,NULL,0.01,NULL,0.01,0.00,NULL,NULL,NULL,NULL,NULL,NULL),
(347,520,3.50,11.00,3.00,NULL,NULL,2.87,0.47,0.08,0.02,0.01,NULL,0.29,10.57,0.04,2.77,0.19,NULL,NULL,NULL,NULL,NULL,NULL),
(348,521,2.30,8.30,1.00,NULL,NULL,1.93,0.29,0.05,0.01,0.01,NULL,0.18,8.07,0.03,0.91,0.13,NULL,NULL,NULL,NULL,NULL,NULL),
(349,522,25.90,0.10,0.10,10.70,3.64,2.63,7.46,0.08,NULL,0.03,NULL,NULL,0.05,0.00,0.08,NULL,NULL,NULL,NULL,NULL,NULL,NULL),
(350,523,15.60,0.90,0.20,8.25,2.99,1.33,0.51,0.01,NULL,NULL,NULL,NULL,0.92,NULL,0.17,NULL,NULL,NULL,NULL,NULL,NULL,NULL),
(351,524,4.10,6.40,15.40,NULL,0.02,2.84,0.37,0.08,0.11,0.04,NULL,0.04,6.24,0.14,13.86,1.43,NULL,NULL,NULL,NULL,NULL,0.17),
(352,525,9.10,7.80,2.10,0.10,0.16,7.71,1.05,0.07,0.02,NULL,NULL,NULL,7.81,NULL,2.01,0.12,NULL,NULL,NULL,NULL,NULL,NULL),
(353,526,3.20,3.00,0.20,NULL,0.19,1.61,1.29,0.01,NULL,NULL,0.04,0.24,2.64,0.01,0.16,0.03,0.01,NULL,0.01,NULL,0.18,0.03),
(354,527,0.60,1.00,1.50,NULL,0.00,0.42,0.13,0.01,0.01,0.00,NULL,0.02,0.95,0.00,1.36,0.13,0.00,0.00,NULL,0.00,NULL,0.01),
(355,528,3.30,4.30,1.40,NULL,0.12,2.05,1.11,0.00,NULL,NULL,NULL,0.20,3.96,0.05,1.24,0.06,0.05,0.00,0.02,NULL,0.06,NULL),
(356,529,7.90,8.20,3.30,NULL,0.38,4.59,2.63,0.03,0.03,NULL,0.10,0.57,7.32,0.05,2.88,0.26,0.07,NULL,0.02,0.02,0.40,NULL),
(357,530,1.80,2.50,3.50,NULL,0.02,1.26,0.44,0.02,0.03,0.02,NULL,0.05,2.39,0.05,3.22,0.24,0.04,NULL,0.00,0.00,0.00,0.06),
(358,531,1.60,0.90,1.50,1.35,0.62,0.72,0.27,0.02,0.02,NULL,NULL,0.01,0.89,NULL,1.33,0.13,0.01,0.03,NULL,0.03,NULL,NULL),
(359,532,0.50,0.50,0.10,NULL,0.02,0.24,0.20,NULL,NULL,NULL,NULL,0.03,0.44,NULL,0.08,0.02,NULL,NULL,NULL,NULL,0.03,NULL),
(360,533,0.20,0.20,0.30,NULL,NULL,0.15,0.02,0.00,NULL,NULL,NULL,NULL,0.22,NULL,0.26,0.00,NULL,NULL,NULL,NULL,NULL,NULL),
(361,534,1.80,1.80,0.80,0.03,0.15,1.12,0.41,0.01,0.02,0.01,0.01,0.07,1.64,NULL,0.69,0.10,0.00,NULL,NULL,NULL,0.04,0.00),
(362,535,0.60,1.30,1.50,NULL,0.00,0.37,0.18,0.02,0.01,0.00,NULL,0.01,1.25,0.01,1.44,0.06,0.00,0.02,NULL,0.02,NULL,0.02),
(363,536,2.50,1.20,0.10,0.00,0.11,1.06,1.19,0.02,0.02,0.01,0.00,0.09,1.11,0.00,0.07,0.01,0.03,NULL,0.02,NULL,0.18,0.02),
(364,537,5.30,3.30,0.90,0.12,0.65,2.81,1.57,0.02,0.02,NULL,0.04,0.19,3.00,0.02,0.74,0.08,0.02,NULL,0.01,NULL,0.26,0.01),
(365,538,3.70,2.20,1.00,0.12,0.54,2.09,0.93,0.02,0.01,0.00,0.03,0.10,2.05,0.02,0.91,0.07,0.04,NULL,0.00,NULL,0.19,0.01),
(366,539,2.20,2.90,1.50,NULL,0.06,1.39,0.67,NULL,NULL,NULL,NULL,0.13,2.69,0.04,1.25,0.19,0.05,NULL,NULL,NULL,NULL,NULL),
(367,540,1.90,2.60,1.60,NULL,0.07,1.25,0.58,NULL,NULL,NULL,NULL,0.13,2.41,0.04,1.35,0.18,0.02,NULL,NULL,NULL,NULL,NULL),
(368,541,1.60,2.50,1.80,NULL,0.03,1.24,0.34,0.00,0.00,NULL,0.00,0.26,2.23,0.02,1.57,0.11,0.03,NULL,0.00,NULL,0.01,NULL),
(369,542,0.30,0.30,0.30,NULL,0.00,0.21,0.07,0.00,0.00,NULL,NULL,0.01,0.25,0.00,0.28,0.01,NULL,0.00,NULL,NULL,0.00,0.00),
(370,543,2.90,3.70,1.70,NULL,0.08,1.73,1.01,0.02,0.01,NULL,NULL,0.16,3.42,0.08,1.41,0.16,0.04,NULL,NULL,NULL,0.04,NULL),
(371,544,1.00,1.10,0.20,NULL,0.08,0.61,0.32,0.00,NULL,0.00,0.03,0.11,0.95,0.00,0.18,0.06,0.00,0.00,0.00,NULL,0.06,0.00),
(372,545,1.10,1.80,3.80,NULL,NULL,0.79,0.26,0.02,0.03,0.00,NULL,0.00,1.75,0.02,3.46,0.36,NULL,NULL,NULL,NULL,NULL,0.01),
(373,546,0.10,0.00,0.20,NULL,NULL,0.05,0.01,0.00,NULL,NULL,NULL,0.00,0.02,NULL,0.07,0.08,NULL,NULL,NULL,NULL,NULL,NULL),
(374,547,1.30,2.10,4.00,NULL,0.00,0.93,0.34,0.02,0.04,0.02,NULL,0.04,2.02,0.02,3.60,0.36,0.04,NULL,NULL,NULL,NULL,0.02),
(375,548,1.40,1.10,0.70,NULL,0.02,0.76,0.56,0.02,0.01,0.02,NULL,0.03,1.04,0.01,0.61,0.03,0.04,0.00,NULL,NULL,0.00,NULL),
(376,549,0.20,0.80,0.20,NULL,NULL,0.18,0.03,NULL,NULL,NULL,NULL,0.01,0.82,NULL,0.20,0.03,NULL,NULL,NULL,NULL,NULL,NULL),
(377,550,0.20,0.10,0.00,NULL,0.00,0.10,0.05,0.00,0.01,NULL,NULL,0.01,0.12,0.00,0.03,NULL,NULL,NULL,NULL,NULL,NULL,NULL),
(378,551,6.00,3.00,0.20,0.25,1.08,3.38,1.38,0.02,NULL,NULL,0.08,0.18,2.64,0.02,0.17,0.02,NULL,NULL,NULL,NULL,0.30,0.03),
(379,552,0.10,0.10,0.00,NULL,NULL,0.06,0.00,NULL,0.00,NULL,NULL,NULL,0.15,0.00,0.04,0.00,NULL,NULL,NULL,NULL,NULL,NULL),
(380,553,4.10,3.20,1.20,NULL,0.29,2.10,1.57,0.02,0.00,NULL,0.04,0.21,2.81,0.02,1.11,0.12,NULL,NULL,NULL,NULL,0.21,NULL),
(381,554,7.50,9.70,4.70,0.04,0.34,4.60,2.42,0.04,NULL,NULL,NULL,0.34,9.07,0.17,4.21,0.30,0.06,NULL,NULL,NULL,0.15,NULL),
(382,555,8.30,10.60,5.10,0.05,0.37,5.12,2.64,0.05,NULL,NULL,NULL,0.44,9.85,0.19,4.57,0.32,0.07,NULL,NULL,NULL,0.17,NULL),
(383,556,0.60,0.90,1.00,NULL,0.00,0.39,0.19,0.00,NULL,NULL,NULL,0.03,0.84,0.00,0.94,0.05,NULL,0.00,NULL,NULL,0.01,NULL),
(384,557,8.70,17.20,16.20,NULL,NULL,4.85,1.21,0.56,1.36,0.66,NULL,0.03,16.67,0.45,16.17,0.04,NULL,NULL,NULL,NULL,NULL,NULL),
(385,558,9.70,29.10,14.20,NULL,0.04,5.28,1.28,0.63,1.52,0.94,NULL,NULL,28.15,0.79,14.18,0.06,NULL,NULL,NULL,NULL,NULL,NULL),
(386,559,0.00,0.10,0.30,NULL,0.00,NULL,0.02,0.00,0.00,0.01,NULL,0.00,0.08,0.00,0.27,0.04,NULL,NULL,NULL,NULL,NULL,NULL),
(387,560,0.10,0.10,0.20,NULL,0.00,0.06,0.02,0.00,0.00,0.00,NULL,NULL,0.10,0.00,0.15,0.02,NULL,NULL,NULL,NULL,NULL,NULL),
(388,561,0.10,0.10,0.30,NULL,NULL,0.11,0.02,0.00,0.00,0.01,NULL,0.00,0.08,NULL,0.16,0.14,NULL,NULL,NULL,NULL,NULL,NULL),
(389,562,0.20,0.10,0.90,NULL,NULL,0.14,0.03,0.00,0.01,0.01,NULL,NULL,0.11,NULL,0.40,0.49,NULL,NULL,NULL,NULL,NULL,NULL),
(390,563,0.20,0.10,0.30,NULL,0.00,0.18,0.03,0.01,0.02,0.01,NULL,0.00,0.05,0.00,0.21,0.10,NULL,NULL,NULL,NULL,NULL,NULL),
(391,564,0.70,0.20,0.90,0.00,0.00,0.50,0.08,0.02,0.04,0.03,NULL,NULL,0.15,0.01,0.58,0.28,NULL,NULL,NULL,NULL,NULL,NULL),
(392,565,0.10,0.10,0.30,NULL,0.00,0.10,0.01,0.00,0.00,0.01,NULL,0.00,0.06,NULL,0.11,0.20,NULL,NULL,NULL,NULL,NULL,NULL),
(393,566,0.30,0.20,0.60,NULL,0.00,0.25,0.03,0.00,0.01,0.01,NULL,0.00,0.15,NULL,0.23,0.41,NULL,NULL,NULL,NULL,NULL,NULL),
(394,567,0.10,0.10,0.30,NULL,NULL,0.11,0.02,0.00,0.01,0.01,NULL,NULL,0.09,NULL,0.16,0.11,NULL,NULL,NULL,NULL,NULL,NULL),
(395,568,0.20,0.10,0.80,NULL,0.00,0.15,0.03,0.01,0.01,0.01,0.00,0.00,0.13,NULL,0.38,0.47,NULL,NULL,NULL,NULL,NULL,NULL),
(396,569,0.10,0.00,0.20,NULL,0.00,0.10,0.02,0.00,0.00,0.00,NULL,0.00,0.03,NULL,0.09,0.13,NULL,NULL,NULL,NULL,NULL,NULL),
(397,570,0.40,0.10,0.80,NULL,0.00,0.30,0.04,0.01,0.01,0.01,NULL,0.00,0.14,NULL,0.29,0.46,NULL,NULL,NULL,NULL,NULL,NULL),
(398,571,0.20,0.00,0.20,NULL,0.00,0.12,0.02,0.01,0.02,0.01,NULL,0.00,0.04,0.00,0.16,0.07,NULL,NULL,NULL,NULL,NULL,NULL),
(399,572,0.60,0.10,0.70,NULL,0.00,0.28,0.05,0.01,0.03,0.02,NULL,NULL,0.09,0.01,0.33,0.14,NULL,NULL,NULL,NULL,NULL,NULL),
(400,573,0.10,0.10,0.30,NULL,0.00,0.10,0.01,0.00,0.00,0.00,NULL,0.00,0.06,0.00,0.14,0.19,NULL,NULL,NULL,NULL,NULL,NULL),
(401,574,0.30,0.20,0.80,NULL,0.00,0.27,0.03,0.00,0.01,0.01,NULL,0.00,0.16,NULL,0.34,0.46,NULL,NULL,NULL,NULL,NULL,NULL),
(402,575,0.90,1.40,2.80,NULL,0.01,0.57,0.20,0.05,0.02,0.01,NULL,0.01,1.42,0.02,2.71,0.13,NULL,NULL,NULL,NULL,NULL,NULL),
(403,576,0.60,0.20,0.90,NULL,0.00,0.44,0.08,0.02,0.02,0.02,NULL,0.00,0.13,0.00,0.86,0.06,NULL,NULL,NULL,NULL,0.00,NULL),
(404,577,0.10,0.10,0.30,NULL,0.00,0.08,0.01,0.00,0.00,0.00,NULL,0.00,0.14,0.00,0.21,0.04,NULL,NULL,NULL,NULL,NULL,NULL),
(405,578,0.10,0.20,0.40,NULL,0.01,0.10,0.01,0.01,0.00,0.00,0.00,0.00,0.16,0.01,0.33,0.09,NULL,NULL,NULL,NULL,NULL,NULL),
(406,579,4.10,10.00,7.30,NULL,NULL,2.24,0.56,0.27,0.65,0.34,NULL,0.01,9.73,0.26,7.25,0.02,NULL,NULL,NULL,NULL,NULL,NULL),
(407,580,5.10,14.40,8.30,NULL,NULL,2.70,0.64,0.35,0.84,0.51,NULL,0.02,13.91,0.41,8.25,NULL,NULL,NULL,NULL,NULL,NULL,NULL),
(408,582,0.20,0.30,0.60,NULL,0.00,0.12,0.05,0.00,0.01,0.00,NULL,0.00,0.25,0.01,0.58,0.06,NULL,NULL,NULL,NULL,NULL,0.01),
(409,583,3.30,6.40,12.90,NULL,0.02,2.53,0.57,0.06,0.09,0.03,NULL,0.02,6.30,0.05,11.67,1.23,NULL,NULL,NULL,NULL,NULL,NULL),
(410,584,0.40,0.50,1.70,NULL,0.01,0.27,0.10,0.01,0.01,0.00,NULL,0.00,0.51,0.00,1.48,0.20,NULL,NULL,NULL,NULL,NULL,NULL),
(411,585,1.20,5.40,1.70,NULL,NULL,0.61,0.19,0.10,0.26,0.05,NULL,0.02,4.89,0.33,1.08,0.57,NULL,NULL,NULL,NULL,NULL,NULL),
(412,586,0.40,1.90,0.60,NULL,NULL,0.20,0.06,0.03,0.09,0.02,NULL,0.00,1.82,0.12,0.40,0.22,NULL,NULL,NULL,NULL,NULL,NULL),
(413,587,4.80,32.30,16.20,NULL,0.04,3.91,0.77,0.04,0.02,NULL,NULL,0.22,31.95,0.03,16.17,0.03,NULL,NULL,NULL,NULL,0.10,0.02),
(414,588,7.70,26.50,8.10,NULL,NULL,3.95,3.42,0.23,0.06,0.06,NULL,0.13,26.27,0.08,8.00,0.08,NULL,NULL,NULL,NULL,0.11,NULL),
(415,589,15.30,27.40,21.00,NULL,0.04,0.04,6.14,0.16,0.03,NULL,NULL,0.18,27.14,0.04,20.97,0.04,NULL,NULL,NULL,NULL,NULL,NULL),
(416,590,30.00,1.50,0.30,15.37,6.12,2.74,0.97,NULL,NULL,NULL,NULL,NULL,1.47,NULL,0.32,NULL,NULL,NULL,NULL,NULL,NULL,NULL),
(417,593,7.80,19.90,22.50,NULL,0.03,4.86,2.58,0.26,NULL,0.04,NULL,0.07,19.72,0.09,22.39,0.16,NULL,NULL,NULL,NULL,NULL,NULL),
(418,594,4.20,7.10,25.30,NULL,0.03,2.49,1.62,0.06,NULL,0.04,NULL,0.03,7.06,0.04,5.42,19.81,NULL,NULL,NULL,NULL,NULL,NULL),
(419,595,0.30,0.10,0.20,NULL,NULL,0.18,0.04,0.03,0.02,NULL,NULL,NULL,0.09,NULL,0.22,NULL,NULL,NULL,NULL,NULL,NULL,NULL),
(420,596,3.10,6.80,0.40,NULL,NULL,2.77,0.26,0.03,NULL,NULL,NULL,0.32,6.45,0.01,0.28,0.08,NULL,NULL,NULL,NULL,NULL,NULL),
(421,597,5.60,8.70,44.10,NULL,NULL,4.26,1.34,NULL,NULL,NULL,NULL,NULL,8.66,0.09,35.30,8.82,NULL,NULL,NULL,NULL,NULL,NULL);
/*!40000 ALTER TABLE `food_fatty` ENABLE KEYS */;
UNLOCK TABLES;

--
-- Table structure for table `food_meal`
--

DROP TABLE IF EXISTS `food_meal`;
/*!40101 SET @saved_cs_client     = @@character_set_client */;
/*!40101 SET character_set_client = utf8 */;
CREATE TABLE `food_meal` (
  `id` int(11) NOT NULL AUTO_INCREMENT,
  `food` int(11) NOT NULL,
  `meal` int(11) NOT NULL,
  `quantity` float NOT NULL,
  PRIMARY KEY (`id`),
  KEY `food` (`food`),
  KEY `meal` (`meal`),
  CONSTRAINT `food_meal_ibfk_1` FOREIGN KEY (`food`) REFERENCES `food` (`id`),
  CONSTRAINT `food_meal_ibfk_2` FOREIGN KEY (`meal`) REFERENCES `meal` (`id`)
) ENGINE=InnoDB DEFAULT CHARSET=utf8mb4 COLLATE=utf8mb4_unicode_520_ci;
/*!40101 SET character_set_client = @saved_cs_client */;

--
-- Dumping data for table `food_meal`
--

LOCK TABLES `food_meal` WRITE;
/*!40000 ALTER TABLE `food_meal` DISABLE KEYS */;
/*!40000 ALTER TABLE `food_meal` ENABLE KEYS */;
UNLOCK TABLES;

--
-- Table structure for table `food_nutrients`
--

DROP TABLE IF EXISTS `food_nutrients`;
/*!40101 SET @saved_cs_client     = @@character_set_client */;
/*!40101 SET character_set_client = utf8 */;
CREATE TABLE `food_nutrients` (
  `id` int(3) NOT NULL AUTO_INCREMENT,
  `food` int(11) NOT NULL,
  `umidade` int(11) DEFAULT NULL,
  `kcal` int(11) DEFAULT NULL,
  `kj` int(11) DEFAULT NULL,
  `proteina` float DEFAULT NULL,
  `lipideos` float DEFAULT NULL,
  `colesterol` float DEFAULT NULL,
  `carboidrato` float DEFAULT NULL,
  `fibra_alimentar` float DEFAULT NULL,
  `cinzas` float DEFAULT NULL,
  `calcio` float DEFAULT NULL,
  `magnesio` float DEFAULT NULL,
  `manganes` float DEFAULT NULL,
  `fosforo` float DEFAULT NULL,
  `ferro` float DEFAULT NULL,
  `sodio` float DEFAULT NULL,
  `potassio` float DEFAULT NULL,
  `cobre` float DEFAULT NULL,
  `zinco` float DEFAULT NULL,
  `retinol` float DEFAULT NULL,
  `re` float DEFAULT NULL,
  `rae` float DEFAULT NULL,
  `tiamina` float DEFAULT NULL,
  `riboflavina` float DEFAULT NULL,
  `piridoxina` float DEFAULT NULL,
  `niacina` float DEFAULT NULL,
  `vitamina_c` float DEFAULT NULL,
  `created_at` date DEFAULT NULL,
  `updated_at` date DEFAULT NULL,
  PRIMARY KEY (`id`),
  KEY `food` (`food`),
  CONSTRAINT `food_nutrients_ibfk_1` FOREIGN KEY (`food`) REFERENCES `food` (`id`)
) ENGINE=InnoDB AUTO_INCREMENT=1024 DEFAULT CHARSET=utf8mb4 COLLATE=utf8mb4_unicode_520_ci;
/*!40101 SET character_set_client = @saved_cs_client */;

--
-- Dumping data for table `food_nutrients`
--

LOCK TABLES `food_nutrients` WRITE;
/*!40000 ALTER TABLE `food_nutrients` DISABLE KEYS */;
INSERT INTO `food_nutrients` VALUES
(1,1,70,124,517,2.59,1,0,25.81,2.75,0.46,5.2,58.7,0.63,105.85,0.26,1.24,75.15,0.02,0.68,0,NULL,NULL,0.08,0,0.08,0,NULL,NULL,NULL),
(2,2,12,360,1505,7.32,1.86,0,77.45,4.82,1.18,7.82,109.71,2.99,250.87,0.95,1.65,173.34,0.07,1.4,0,NULL,NULL,0.26,0,0.18,4.18,NULL,NULL,NULL),
(3,3,69,128,537,2.52,0.23,0,28.06,1.56,0.08,3.54,2.25,0.3,17.95,0.08,1.2,14.67,0.02,0.49,0,NULL,NULL,0,0,0,0,NULL,NULL,NULL),
(4,4,13,358,1497,7.16,0.34,0,78.76,1.64,0.52,4.41,30.38,1.03,104.21,0.68,1.02,62.5,0.11,1.22,0,NULL,NULL,0.16,0,0.07,1.12,NULL,NULL,NULL),
(5,5,69,130,544,2.57,0.36,0,28.19,1.07,0.15,3.33,6.05,0.37,21.52,0.05,1.96,20.2,0.04,0.55,0,NULL,NULL,0,0,0,0,NULL,NULL,NULL),
(6,6,13,358,1498,7.24,0.28,0,78.88,1.72,0.44,4.83,29.24,0.83,82.04,0.6,0.57,57.28,0.05,1.27,0,NULL,NULL,0.16,0,0.05,0.92,NULL,NULL,NULL),
(7,7,9,394,1648,13.92,8.5,0,66.64,9.13,1.81,47.89,118.76,1.89,153.4,4.45,4.63,336.33,0.44,2.63,0,NULL,NULL,0.55,0.03,0,4.47,1.35,NULL,NULL),
(8,8,3,443,1853,8.07,11.97,0,75.23,2.1,1.51,54.45,37.14,0.78,166.1,1.76,352.03,141.64,0.17,1.03,0,NULL,NULL,1.01,0.42,0.23,3.91,6.22,NULL,NULL),
(9,9,2,472,1974,6.4,19.58,0,70.55,2.96,1.29,27.23,47.98,0.59,139.45,2.27,239.2,232.4,0.27,0.99,0,NULL,NULL,0.32,0.39,0.46,2.52,3.53,NULL,NULL),
(10,10,3,471,1971,5.72,19.57,0,71.01,1.53,0.96,35.78,27.1,0.66,137.74,1.48,229.82,113.01,0.13,0.73,0,NULL,NULL,0.9,0.42,0.21,1.5,0,NULL,NULL),
(11,11,1,502,2102,5.56,24.67,0,67.54,1.8,1.06,23.34,47.85,0.44,124.2,2.44,137.24,240.45,0.26,0.87,0,NULL,NULL,0.37,0.03,0.3,1.12,0,NULL,NULL),
(12,12,1,513,2148,4.52,26.4,1.27,67.35,0.82,0.56,13.71,18.54,0.28,73.16,1.09,119.9,74.84,0.08,0.51,0,NULL,NULL,0.36,0,0.94,0.37,NULL,NULL,NULL),
(13,13,4,432,1806,10.06,14.44,0,68.73,2.51,2.72,20,39.75,0.69,148.26,2.2,854.36,180.61,0.18,1.14,0,NULL,NULL,0.71,0.13,0.17,7.14,NULL,NULL,NULL),
(14,14,1,419,1752,6.16,6.13,0,84.71,1.7,2,58.88,27.92,0.46,332.66,1.21,462.88,75.36,0.15,0.58,0,NULL,NULL,0.18,0,1.5,1.52,0,NULL,NULL),
(15,15,34,324,1355,4.42,12.75,73.2,47.86,0.69,0.84,85.02,10.34,0.11,122.19,0.49,111.01,134.82,0.05,0.42,0,NULL,NULL,0.13,0.07,0,0,0,NULL,NULL),
(16,16,19,410,1715,6.22,18.47,76.8,54.72,1.43,1.31,74.58,27.69,0.38,196.98,2.13,283.3,211.76,0.05,0.71,0,NULL,NULL,0.13,0.09,0.05,0,0,NULL,NULL),
(17,17,29,333,1395,5.67,11.3,63.21,52.28,1.06,1.44,57.11,16.25,0.4,303.4,0.85,190.34,143.29,0.09,0.68,0,0,0,0.15,0.06,0,0,0,NULL,NULL),
(18,18,37,311,1303,4.8,12.42,81.69,45.11,0.71,0.98,82.58,10.25,0.11,128.2,0.65,133.81,118.43,0.04,0.44,56.89,NULL,NULL,0.11,0.05,0,0,0,NULL,NULL),
(19,19,14,358,1496,7.2,0.97,0,78.06,5.5,0.21,1.96,12.33,0.09,48.5,0.32,0.79,92.95,0.05,0.36,0,NULL,NULL,0,0,0,0,0,NULL,NULL),
(20,20,72,112,471,2.36,1.24,1.35,23.63,1.22,0.27,42.56,5.84,0.02,40.58,0.06,27.59,69.81,0.03,0.28,0,NULL,NULL,0,0.04,0,0,0,NULL,NULL),
(21,21,9,370,1546,7.29,1.6,0,80.84,5.29,0.98,1.81,20.1,0,90.77,0.52,271.74,68.66,0,0.61,0,NULL,NULL,0.12,0,0.06,0,0,NULL,NULL),
(22,22,11,363,1520,6.88,1.18,0,80.45,1.84,0.27,1.97,16.55,0,58.36,1.69,30.97,28.7,0.24,0.33,0,NULL,NULL,0.05,0,0.04,0,0,NULL,NULL),
(23,23,5,394,1650,6.43,1.09,0,87.27,3.21,0.51,218.81,16.03,0.11,169.16,3.03,399.4,82.02,0.04,0.36,21.42,NULL,NULL,3.72,0.47,5.08,24.16,109.37,NULL,NULL),
(24,24,4,381,1595,8.9,2.12,0,81.62,4.98,3,584.25,72.27,2.28,515.04,12.64,1163.26,244.36,0.21,2.02,0,NULL,NULL,0.76,0.88,1.49,7.46,13.11,NULL,NULL),
(25,25,6,365,1529,7.16,0.96,0,83.82,4.12,2.54,142.92,10.93,0.06,100.8,3.05,654.54,83.09,0.06,7.63,0,30.92,15.46,0.76,1.02,2.25,11.04,17.29,NULL,NULL),
(26,26,4,377,1576,4.74,0.67,0,88.84,2.11,1.48,56.42,7.94,0.13,43.18,3.9,405.31,51.6,0.04,8.48,0,30.92,15.46,0.73,1.11,0.79,10.13,14.55,NULL,NULL),
(27,27,7,386,1615,7.03,1.23,0,83.87,1.07,0.54,7.09,50.5,1.24,153.02,0.63,1.03,114.68,0.04,1.86,0,NULL,NULL,0.22,0,0.05,0,0,NULL,NULL),
(28,28,6,333,1393,4.82,1.64,0,86.15,3.72,1.74,323.16,30.06,0.2,303.27,4.26,593.79,165.72,0.04,0.78,0,NULL,NULL,0.74,0,2.05,0,96.34,NULL,NULL),
(29,29,82,78,328,2.36,1.64,4.74,13.94,0.46,0.49,52.6,15.96,0.06,74.66,0.45,20.51,161.84,0.03,0.4,12.07,20.07,16.07,0.04,0.07,0,0,0,NULL,NULL),
(30,30,4,402,1683,2.22,13.37,0,79.82,2.52,0.67,30.88,8.5,0.05,44.62,0.86,222.93,55.34,0.03,0.24,0,NULL,NULL,0.13,0,0,0,0,NULL,NULL),
(31,31,13,363,1519,1.27,0.3,0,85.5,0.58,0.23,1.12,4.3,0.04,35.96,31.38,17.1,12.54,0,8.48,0,NULL,NULL,3.23,0,3.47,24.42,173.59,NULL,NULL),
(32,32,11,336,1405,12.52,1.75,0,73.3,15.48,1.66,33.92,120.23,3.86,339.99,4.73,41.38,333.62,0.56,2.66,0,NULL,NULL,0.29,0.03,0.08,0,0,NULL,NULL),
(33,33,12,351,1467,7.19,1.47,0,79.08,5.49,0.49,1.29,30.96,0,84.22,2.25,44.93,57.85,0.27,0.6,0,18,9,0.25,0,0.25,0,0,NULL,NULL),
(34,34,10,371,1550,11.38,1.46,0,75.79,4.82,1.56,35.3,56.88,1.62,194.96,6.73,332.5,212.14,0.26,1.67,0,NULL,NULL,0.25,0,0.09,0,0,NULL,NULL),
(35,35,13,360,1508,9.79,1.37,0,75.09,2.35,0.77,17.86,31,0.46,114.74,0.95,0.74,151.37,0.15,0.83,0,NULL,NULL,0.31,0,0,0.89,0,NULL,NULL),
(36,36,3,415,1736,11.88,5.79,11.27,77.77,1.94,1.86,196.06,57.69,1.49,296.44,8.72,125.07,365.6,0.19,1.73,492.25,NULL,NULL,1.43,1.13,1.14,9.5,24.31,NULL,NULL),
(37,37,60,164,685,5.81,1.16,0,32.52,1.64,0.86,9.97,3.54,0.2,42.38,1.19,206.77,53.91,0.07,0.41,0,NULL,NULL,0.04,0,0,3.96,NULL,NULL,NULL),
(38,38,45,220,922,7.01,1.34,0,45.06,1.61,1.61,16.55,12.59,0.34,81.96,1.87,666.71,136.61,0.1,0.76,0,NULL,NULL,0.08,0,0,0,NULL,NULL,NULL),
(39,39,6,436,1824,8.79,17.24,0,62.43,5.61,5.57,17.63,19.37,0.25,112.15,0.8,1515.53,147.92,0.1,0.5,0,NULL,NULL,1.18,0.04,0.53,9.37,0,NULL,NULL),
(40,40,10,371,1553,10,1.3,0,77.94,2.93,0.51,17.3,27.69,0.53,99.81,0.88,7.17,147.06,0.15,0.78,0,NULL,NULL,0.18,0.02,0,3.57,0,NULL,NULL),
(41,41,11,371,1550,10.32,1.97,17.57,76.62,2.3,0.52,19.45,0,0.4,118.48,0.92,14.74,134.1,0.14,0.81,0,NULL,NULL,0.11,0.05,0.03,4.37,0,NULL,NULL),
(42,42,12,361,1512,0.6,0,0,87.15,0.74,0.07,1.06,3.03,0.02,12.6,0.13,8.08,8.54,0.02,0.08,0,NULL,NULL,0,0,0,0,0,NULL,NULL),
(43,43,11,353,1479,7.21,1.9,0,78.87,4.71,0.56,2.67,41.23,0.34,107.84,0.85,0,168.33,0.08,1.09,0,26,13,0.25,0,0,0.75,0,NULL,NULL),
(44,44,64,138,578,6.59,0.61,0,28.56,3.92,0.71,1.61,32.58,0.12,112.71,0.41,1.12,184.82,0.05,0.52,0,32,16,0.3,0,0.04,0,0,NULL,NULL),
(45,45,76,98,408,3.23,2.35,0,17.14,4.64,1.06,2.17,20.38,0.09,61.31,0.59,260.35,162.02,0.05,0.5,0,48,24,0,0.05,0,3.74,1.74,NULL,NULL),
(46,46,8,373,1562,0.58,0.37,0,89.34,0.88,1.57,522.05,4.28,0,273.32,41.99,14.86,0,0,15.21,1533.24,NULL,NULL,3.41,0,3.11,19.39,0,NULL,NULL),
(47,47,61,171,716,2.55,4.85,0,30.68,2.37,0.61,4.16,15.35,0.12,54.59,0.36,131.99,125.35,0.03,0.42,0,NULL,NULL,0,0,0,0,0,NULL,NULL),
(48,48,20,343,1435,12.35,5.69,0,59.57,5.98,2.47,108.69,56.68,1.08,182.2,4.73,605.76,210.08,0.14,1.73,0,NULL,NULL,0.09,0.03,0.08,0,0,NULL,NULL),
(49,49,26,309,1292,11.34,3.58,0,56.51,5.71,2.53,90.24,48.32,0.57,153.18,3.33,662.54,296.35,0.16,1.46,0,NULL,NULL,0.07,0.04,0.79,0,0,NULL,NULL),
(50,50,41,253,1059,11.95,2.73,0,44.12,2.48,0.53,155.72,24.24,0.51,105.26,5.71,22.05,64.73,0.06,1.28,0,NULL,NULL,0.04,0.03,0,0,0,NULL,NULL),
(51,51,30,292,1222,8.3,3.11,5.69,56.4,4.3,1.77,77.85,29.42,0.37,110.1,3.04,506.64,89.02,0.1,0.82,0,NULL,NULL,0.08,0,0.08,0,0,NULL,NULL),
(52,52,35,253,1059,9.43,3.65,0,49.94,6.88,2.26,131.76,60.43,1.62,193.44,2.99,506.1,162.87,0.15,1.59,0,NULL,NULL,0.08,0.04,0.15,0,0,NULL,NULL),
(53,53,28,300,1254,7.95,3.1,0,58.65,2.31,1.81,15.75,25.46,0.46,94.74,1,647.67,142.2,0.13,0.76,2.99,NULL,NULL,0.39,0.67,0.6,2.34,NULL,NULL,NULL),
(54,54,26,311,1301,8.4,2.84,16.56,61.45,2.43,1.55,51.62,22.22,0.31,100.66,2.27,430.79,91.17,0,2.66,0,NULL,NULL,0.08,0.04,0.15,0,0,NULL,NULL),
(55,55,34,289,1208,10.74,8.79,18.2,42.02,1.04,4.05,16.69,17.71,0.34,117.38,1.99,1309.27,165.61,0.11,1.66,0,NULL,NULL,0.06,0.03,0,1.58,0,NULL,NULL),
(56,56,23,388,1625,10.1,20.14,25.34,43.77,0.99,3.07,12.55,14.44,0.22,90.03,2.51,1039.89,155.64,0.12,1.15,0,NULL,NULL,0.06,0.05,0,1.83,NULL,NULL,NULL),
(57,57,31,308,1291,9.85,9.63,14.35,45.95,1.11,3.28,154.7,15.81,0.24,168.12,0.99,984.57,102.58,0.1,0.97,0,NULL,NULL,0.07,0.03,0,0,0,NULL,NULL),
(58,58,18,422,1766,8.71,22.67,15.38,48.13,0.94,2.95,126.13,14.74,0.2,123.81,1.34,821.38,123.75,0.1,0.76,17.58,NULL,NULL,0.09,0.04,0,0,0,NULL,NULL),
(59,59,27,310,1298,6.9,5.48,0,57.38,1.41,3.17,12.61,14.43,0.38,72.55,1.06,1344.2,166.68,0.11,0.61,0,NULL,NULL,0.15,0,0,0,NULL,NULL,NULL),
(60,60,1,570,2384,6.02,40.86,0,49.34,1.31,2.81,11.27,12.74,0.36,62.36,1.45,1174.67,142.55,0.08,0.52,0,NULL,NULL,0.16,0,0,0,NULL,NULL,NULL),
(61,61,3,448,1876,9.93,15.94,0,70.31,14.34,1,2.83,90.76,0.65,225.13,1.16,4.32,255.96,0.46,2.05,0,NULL,NULL,0.03,0.03,0,0,0,NULL,NULL),
(62,62,73,103,430,2.29,0.3,0,23.31,2.4,1.35,1.09,4.43,0,16.79,0,441.89,99.64,0.04,0.05,0,NULL,NULL,0.04,0,0,0,0,NULL,NULL),
(63,63,9,377,1579,10.52,3.3,0,74.56,3.4,2.57,18.74,31.6,0.55,113.92,1.24,829.49,189.49,0.16,0.91,0,NULL,NULL,0.38,0,0,0,0,NULL,NULL),
(64,64,86,48,201,1.44,0.73,0,10.76,2.46,0.71,7.63,9.11,0.26,32.6,0.35,1.45,199.1,0.06,0.29,0,NULL,NULL,0.08,0,0.07,0,7.46,NULL,NULL),
(65,65,89,39,161,1.75,0.54,0,8.36,2.17,0.84,17.96,8.82,0.11,25.77,0.37,0,350.56,0.06,0.32,0,446,223,0,0,0.1,0,5.09,NULL,NULL),
(66,66,96,14,57,0.61,0,0,3.3,1.17,0.36,8.74,4.09,0.01,11.62,0.15,0,164.6,0.02,0,0,1108,554,0.07,0,0.04,0,1.5,NULL,NULL),
(67,67,96,12,52,0.96,0.06,0,2.67,1.7,0.44,3.05,1.85,0.01,7.91,0,0,124.87,0.05,0.07,0,278,139,0,0,0.06,0,9.65,NULL,NULL),
(68,68,92,29,121,0.39,0.8,0,5.98,1.55,0.37,19.08,7.49,0.02,11.65,0.11,3.03,183.19,0.04,0.08,0,95.33,47.67,0.05,0,0.05,0,6.73,NULL,NULL),
(69,69,92,24,102,0.67,0.12,0,6.12,2.3,0.6,8.81,7.42,0.07,31.62,0.28,0.75,263.88,0.09,0.18,0,NULL,NULL,0,0,0.06,0,2.09,NULL,NULL),
(70,70,95,15,63,1.13,0.2,0,2.98,1.59,0.42,16.73,16.86,0.11,22.49,0.16,0.83,125.88,0.01,0.26,0,NULL,NULL,0.05,0,0.06,0,2.13,NULL,NULL),
(71,71,94,19,81,1.14,0.14,0,4.29,1.35,0.56,15.13,19.95,0.09,32.02,0.24,0,253.38,0.05,0.17,0,40.5,20.25,0,0.06,0.03,0,6.87,NULL,NULL),
(72,72,93,24,102,1.07,0.82,0,4.19,1.38,0.43,20.67,12.67,0.14,31.83,0.36,2.21,193.63,0.02,0.27,0,41.58,20.79,0.04,0,0,0,7.53,NULL,NULL),
(73,73,91,31,129,0.64,0.14,0,7.87,2.61,0.5,18.67,9.39,0.11,32.75,0.17,0.5,212.87,0.1,0.18,0,NULL,NULL,0,0,0.03,0,17.55,NULL,NULL),
(74,74,93,21,88,1.44,0.11,0,4.63,1.12,0.63,42.99,10.4,0.11,40.03,0.27,1.18,239.82,0.1,0.31,0,NULL,NULL,0.04,0,0.16,0,22.55,NULL,NULL),
(75,75,94,17,69,2.69,0.24,0,2.25,2.14,0.88,132.53,18.16,0.28,50.59,3.11,7.46,217.66,0.1,0.72,0,458,229,0.11,0.23,0.09,1.19,60.1,NULL,NULL),
(76,76,94,19,80,0.76,0.07,0,4.27,0.96,1.07,65.22,8.86,0.18,28.05,0.72,9.52,273.6,0.31,0.14,0,916,458,0,0,0.18,0,5.88,NULL,NULL),
(77,77,97,9,37,0.61,0.13,0,1.75,1.02,0.35,14.44,5.74,0.12,19.38,0.27,7.31,136,0.02,0.23,0,NULL,NULL,0.03,0,0.04,0,10.96,NULL,NULL),
(78,78,96,11,45,1.35,0.16,0,1.7,1.83,0.7,37.98,10.97,0.2,25.81,0.4,3.38,267.13,0.03,0.25,0,234,117,0.11,0.12,0,1.09,15.58,NULL,NULL),
(79,79,95,14,58,1.69,0.12,0,2.43,2.33,0.76,27.51,9.11,0.33,26.13,0.61,4.23,348.71,0.03,0.35,0,368,184,0.09,0.08,0.07,0.75,21.39,NULL,NULL),
(80,80,96,13,53,0.91,0.19,0,2.49,2.01,0.68,33.83,9.31,0.12,51.13,2.48,7.12,308.44,0.04,0.23,0,312.42,156.21,0,0,0,0,13.47,NULL,NULL),
(81,81,90,29,122,2.66,0.48,0,5.24,4.14,1.42,258.5,84.24,0.15,49.74,1.26,4.55,260.72,0.15,0.71,0,NULL,NULL,0,0.12,0.56,0,0,NULL,NULL),
(82,82,68,113,473,7.01,0.22,0,23.91,4.32,1.32,13.56,21.29,0.24,149.09,0.8,5.36,534.89,0.15,0.82,0,NULL,NULL,0.18,0,0.44,0,0,NULL,NULL),
(83,83,91,32,132,1.41,0.14,0,6.88,2.51,0.62,33.62,10.69,0.1,36.49,0.64,1.76,224.47,0.29,0.24,0,16.17,8.08,0.06,0,0.08,0.34,14.15,NULL,NULL),
(84,84,94,18,75,1.77,0.22,0,3.34,2.59,1.01,19.5,21.11,0.17,39.66,0.74,2.35,369.12,0.1,0.29,0,566,283,0.1,0.18,0,0.63,1.69,NULL,NULL),
(85,85,87,65,272,1.7,4.85,0,5.7,3.43,1.2,63.4,17.28,0.28,30.87,1.55,14.52,315.36,0.06,0.19,0,NULL,NULL,0.03,0.06,0.05,4.03,1.47,NULL,NULL),
(86,86,79,80,335,0.85,0.17,0,18.95,1.76,0.77,11.85,7.58,0.22,29.48,0.42,2.1,258.33,0.15,0.38,0,NULL,NULL,0.06,0,0,1.98,17.1,NULL,NULL),
(87,87,74,101,423,1.05,0.17,0,23.98,2.06,1.11,17.13,11.99,0.07,45.2,0.3,0,505.18,0.05,0.2,0,24.5,12.25,0.05,0,0.12,0,7.55,NULL,NULL),
(88,88,80,77,321,0.64,0.09,0,18.42,2.21,0.42,17.15,11.16,0.14,15.39,0.19,2.7,148.44,0.06,0.12,0,NULL,NULL,0.08,0,0.05,2.57,23.79,NULL,NULL),
(89,89,70,118,495,1.26,0.13,0,28.2,2.57,0.9,21.11,16.89,0.18,36.46,0.39,8.77,340.2,0.11,0.2,0,NULL,NULL,0.06,0,0.1,0,16.48,NULL,NULL),
(90,90,3,543,2271,5.58,36.62,0,51.22,2.46,3.88,11.6,24.24,0.23,96.5,0.7,607.4,1014.33,0.12,0.59,0,NULL,NULL,0.2,0,0.13,2.61,0,NULL,NULL),
(91,91,86,52,216,1.16,0,0,11.94,1.34,0.51,3.52,5.43,0.07,24.34,0.19,2.29,161.33,0.06,0.19,0,NULL,NULL,0.05,0,0.08,0,3.76,NULL,NULL),
(92,92,83,64,269,1.77,0,0,14.69,1.16,0.64,3.55,14.58,0.1,38.54,0.36,0,302.05,0.09,0.24,0,NULL,NULL,0.1,0,0.15,0,31.08,NULL,NULL),
(93,93,44,267,1118,4.97,13.11,0,35.64,8.06,2.16,6.28,14.11,0.15,69.67,0.44,1.91,488.94,0.1,0.38,0,NULL,NULL,0.17,0,0.1,2.51,16.34,NULL,NULL),
(94,94,83,68,284,1.29,0.9,0,14.09,1.38,0.63,4.18,6.46,0.08,31.97,0.25,8.18,199.48,0.05,0.21,0,NULL,NULL,0.07,0,0.09,1.38,0,NULL,NULL),
(95,95,94,19,79,0.68,0.15,0,4.47,2.52,0.27,10.77,8.82,0.11,15.03,0.22,1.33,105.48,0.04,0.13,0,NULL,NULL,0.04,0,0,0,0,NULL,NULL),
(96,96,94,20,82,1.22,0.1,0,4.43,2.87,0.45,9.22,12.91,0.1,20.46,0.25,0,204.55,0.06,0.12,0,24,12,0.04,0.05,0,0,3.01,NULL,NULL),
(97,97,91,32,135,1.29,0.09,0,7.23,1.88,0.81,15.26,16.54,0.19,30.13,0.24,22.76,245.48,0.04,0.35,0,NULL,NULL,0.09,0,0,0,1.24,NULL,NULL),
(98,98,86,49,204,1.95,0.09,0,11.11,3.37,0.87,18.11,24.43,1.23,19.39,0.32,9.72,375.07,0.08,0.52,0,NULL,NULL,0.04,0,0.04,0,3.12,NULL,NULL),
(99,99,5,438,1831,1.29,12.25,9.39,80.54,1.16,0.49,30.45,5.85,0.08,23.32,1.77,97.8,53.58,0.04,0.15,0,NULL,NULL,0,0.03,0.07,0,0,NULL,NULL),
(100,100,93,25,103,2.13,0.46,0,4.37,3.42,0.42,50.75,14.55,0.12,33.16,0.54,2.12,118.54,0.08,0.24,0,NULL,NULL,0.04,0.03,0,0,42,NULL,NULL),
(101,101,91,25,107,3.64,0.27,0,4.03,2.88,0.84,85.87,29.57,0.26,78.46,0.61,3.33,322.11,0.06,0.48,0,279.33,139.67,0.12,0.18,0.08,1.39,34.28,NULL,NULL),
(102,102,79,78,325,1.53,0.11,0,18.85,2.63,0.62,5.17,14.84,0.02,27.8,0.31,1.01,203.25,0.11,0.24,0,NULL,NULL,0.12,0,0.12,0,0,NULL,NULL),
(103,103,74,96,400,2.28,0.14,0,22.95,7.27,0.93,3.91,11.47,0.01,34.72,0.21,0,211.67,0.06,0.18,0,NULL,NULL,0.11,0,0.02,0,8.79,NULL,NULL),
(104,104,88,34,142,3.2,0.59,0,5.97,4.47,2.62,455.3,197.44,0.89,77.26,4.46,13.67,278.98,0.37,6.03,0,1906,953,0,0.1,0.11,0,5.36,NULL,NULL),
(105,105,92,24,100,1.87,0.28,0,4.75,2.05,1.33,56.8,17.3,0.34,32,3.08,9.39,411.79,0.27,0.48,0,NULL,NULL,0,0.03,0.36,1.54,7.33,NULL,NULL),
(106,106,87,63,265,1.95,4.81,0,4.81,3.65,1,63.22,16.35,0.64,35.36,1.18,24.72,452.28,0.18,0.44,0,850,425,0.04,0,0.03,0.6,0,NULL,NULL),
(107,107,89,39,165,1.71,0.08,0,8.85,2.19,0.44,14,11.92,0.13,37.87,0.2,0.6,176.12,0.05,0.17,0,NULL,NULL,0.04,0,0.14,0,4.67,NULL,NULL),
(108,108,94,20,82,1.87,0.35,0,3.37,3.55,0.53,79.85,24.59,0.13,26.89,0.65,1.6,206.44,0.04,0.3,0,134.42,67.21,0.03,0.04,0.08,0,31.78,NULL,NULL),
(109,109,92,30,125,0.85,0.22,0,6.69,2.63,0.58,25.62,14.48,0.05,26.74,0.09,7.88,175.51,0.02,0.23,0,612,306,0.07,0,0.06,2.68,0,NULL,NULL),
(110,110,90,34,143,1.32,0.17,0,7.66,3.18,0.87,22.54,11.23,0.05,27.85,0.18,3.33,314.81,0.05,0.22,0,1326,663,0,0,0.05,0,5.12,NULL,NULL),
(111,111,95,14,58,1.14,0.14,0,2.85,2.2,0.82,44.83,14.14,0.13,13.38,0.45,13.52,424.9,0.04,0.09,0,NULL,NULL,0.03,0.1,0,0.68,6.54,NULL,NULL),
(112,112,95,19,78,0.41,0,0,4.79,1.04,0.18,7.83,6.93,0.07,12.81,0.06,1.81,54.35,0,0.09,0,NULL,NULL,0.03,0,0,0,5.57,NULL,NULL),
(113,113,95,17,71,0.7,0.06,0,4.14,1.28,0.27,11.51,7.23,0.08,17.74,0.17,0,125.99,0.03,0.1,0,NULL,NULL,0,0,0,0,10.61,NULL,NULL),
(114,114,11,309,1293,20.88,10.39,0,47.96,37.29,10.15,783.81,392.79,10.48,388.06,81.43,18.26,3222.77,4.09,4.7,0,NULL,NULL,0.1,0.11,0.09,0,40.77,NULL,NULL),
(115,115,91,27,113,2.87,0.55,0,4.33,3.12,1.35,130.87,34.66,1.02,48.67,0.45,6.17,403.45,0.06,0.4,0,496,248,0.2,0.31,0.06,2.29,96.68,NULL,NULL),
(116,116,82,90,378,1.67,6.59,0,8.71,5.74,1.5,177.33,26.2,0.12,33.41,0.5,11.45,314.89,0.02,0.19,0,384,192,0,0.05,0.07,0,76.94,NULL,NULL),
(117,117,93,23,94,1.91,0.21,0,4.52,2.35,0.59,17.82,11.99,0.16,57.08,0.53,3.44,256.01,0.03,0.31,0,2,1,0.03,0.09,0.1,0,36.05,NULL,NULL),
(118,118,94,19,80,1.24,0.27,0,3.88,2.13,0.28,16.14,5.44,0.1,25.43,0.13,1.79,80.49,0,0.26,0,NULL,NULL,0.04,0,0,0,23.7,NULL,NULL),
(119,119,94,16,67,2,0.24,0,2.57,2.1,1.16,97.51,81.64,0.71,25.43,0.36,17.09,336.01,0.06,0.27,0,484,242,0.1,0.21,0.06,0,2.42,NULL,NULL),
(120,120,87,67,281,2.72,5.43,0,4.24,2.52,1.04,112.38,122.71,0.61,33.51,0.65,47.02,149.23,0.04,0.59,0,623.83,311.92,0.08,0.13,0.13,0,5.27,NULL,NULL),
(121,121,9,361,1510,1.55,0.28,0,87.9,6.39,0.88,64.87,37,0,41.61,1.09,1.02,340.13,0.08,0.39,0,NULL,NULL,0.14,0,0.04,0,0,NULL,NULL),
(122,122,8,365,1528,1.23,0.29,0,89.19,6.54,0.95,75.53,40.01,0.37,38.63,1.19,10.31,327.74,0,0.36,0,NULL,NULL,0,0,0.81,0,0,NULL,NULL),
(123,123,10,360,1507,1.62,0.47,0,87.29,4.24,0.83,41.4,27.49,0.16,32.64,1.43,3.61,337.76,0.07,0.34,0,NULL,NULL,0.09,0,0,0,0,NULL,NULL),
(124,124,18,331,1384,0.52,0.28,0,81.15,0.65,0.28,11.89,3.02,0,60.39,0.11,2.45,48.13,0,0,0,NULL,NULL,0.03,0,0,0,0,NULL,NULL),
(125,125,87,39,162,4.17,0.1,0,7.76,1.97,0.49,14.48,25.13,0.19,74.75,0.82,1.79,189.22,0.17,0.57,0,NULL,NULL,0,0.04,0.15,0,12,NULL,NULL),
(126,126,73,97,405,2.05,0.21,0,23.23,1.65,1.19,11.8,28.76,0.15,64.72,0.36,0,567.74,0.17,0.3,0,NULL,NULL,0.08,0,0.11,0,5.62,NULL,NULL),
(127,127,92,27,114,1.4,0.22,0,6.19,4.83,0.56,19.97,20.63,0.14,29.02,0.34,0,212.95,0.07,0.14,0,12.67,6.33,0.07,0.04,0,0,6.79,NULL,NULL),
(128,128,67,126,526,4.41,3.91,0,23.06,23.92,1.98,151.02,65.32,0.52,155.12,0.95,0.77,619.4,1.16,0.63,0,NULL,NULL,0.13,0.02,0.2,0,13.83,NULL,NULL),
(129,129,69,125,524,0.58,0.3,0,30.09,1.56,0.35,18.63,26.82,0.06,22.41,0.07,0.91,100.36,0.01,0.17,0,NULL,NULL,0.06,0,0.03,0,11.07,NULL,NULL),
(130,130,62,151,634,1.13,0.3,0,36.17,1.88,0.56,15.19,44.5,0.05,29.43,0.27,2.15,208.06,0.07,0.2,0,NULL,NULL,0,0,0.04,0,16.53,NULL,NULL),
(131,131,6,406,1697,2.06,9.12,0,80.3,7.82,2.09,65.69,34.34,0.29,44.52,1.36,574.51,201.38,0,0.17,0,NULL,NULL,0.1,0,0.15,0,0,NULL,NULL),
(132,132,37,300,1255,1.38,11.2,0,50.25,1.87,0.61,23.05,94.87,0.18,56.54,0.32,8.94,176.06,0.12,0.44,0,NULL,NULL,0.05,0,0.04,0,0,NULL,NULL),
(133,133,93,21,88,1.99,0.39,0,3.64,3.31,1.02,210.92,57.81,0.17,39.92,0.97,3.89,251.55,0.16,0.46,0,1034.83,517.42,0.06,0.21,0.06,0.9,2.34,NULL,NULL),
(134,134,95,14,58,1.39,0.07,0,2.73,2.19,0.75,20.87,9.61,0.07,24.98,0.35,10.99,327.7,0.02,0.18,0,5.5,2.75,0.06,0.02,0.04,0,9.63,NULL,NULL),
(135,135,93,18,76,2.11,0.17,0,3.24,1.89,1.06,68.18,15.62,0.14,58.4,1.1,2.88,363.57,0.05,0.28,0,NULL,NULL,0.05,0.04,0.05,0,38.55,NULL,NULL),
(136,136,55,181,756,5.86,1.94,15.08,36.78,1.78,0.46,11.42,17.9,0.3,68.37,1.65,7.07,163.7,0.1,0.48,15.47,NULL,NULL,0.08,0,0.04,0,0,NULL,NULL),
(137,137,94,18,76,1.2,0.05,0,4.15,2.64,0.75,42.39,14.6,4.42,16.57,0.22,2.46,279.65,0.02,0.19,0,NULL,NULL,0.07,0,0.03,0,9.55,NULL,NULL),
(138,138,91,23,97,1.79,0.4,0,4.33,3.15,2.11,58.29,33.7,10.82,40.26,0.3,513.82,243.97,0.23,0.73,0,NULL,NULL,0.06,0.04,0,0,1.98,NULL,NULL),
(139,139,89,29,123,2.46,0.45,0,5.51,2.55,2.14,32.44,25.49,0.14,54.96,0.18,562.69,206.42,0.08,0.36,0,NULL,NULL,0.03,0,0,0,8.66,NULL,NULL),
(140,140,34,363,1519,5.12,24.57,67.73,34.24,0.56,2.33,102.49,8.24,0.03,93.74,0.28,773.49,93.09,0.01,0.63,61.31,NULL,NULL,0.04,0.1,0.04,0,NULL,NULL,NULL),
(141,141,42,295,1232,3.65,13.99,63.05,38.51,0.98,2.01,87.56,6.83,0,78.84,0.29,404.99,58.08,0,0.43,47.5,NULL,NULL,0,0.08,0,0,NULL,NULL,NULL),
(142,142,97,10,40,0.87,0,0,2.04,1.12,0.29,9.62,9.34,0.08,12.32,0.15,0,153.69,0.04,0.13,0,3.58,1.79,0,0.03,0,0,4.99,NULL,NULL),
(143,143,92,28,117,1.22,0.44,0,5.96,1.92,0.5,9.61,10.9,0.08,22.38,0.41,0,221.33,0.04,0.15,0,40,20,0.04,0.03,0.06,0,201.36,NULL,NULL),
(144,144,94,21,89,1.05,0.15,0,4.89,2.56,0.39,8.76,7.79,0.14,16.51,0.41,0,174.33,0.07,0.14,0,46,23,0,0,0,0,100.21,NULL,NULL),
(145,145,93,23,97,1.04,0.15,0,5.47,1.59,0.44,6.37,11.13,0.06,19.96,0.33,0,210.92,0.04,0.15,0,86,43,0.05,0.06,0.02,0,158.21,NULL,NULL),
(146,146,13,351,1470,0.43,0,0,86.77,0.24,0.17,27.41,4.1,0.09,8.38,0.51,1.58,37.63,0,0,0,NULL,NULL,0,0,0,0,0,NULL,NULL),
(147,147,91,30,125,1.92,0.3,0,6.37,4.55,0.83,112.16,49.97,0.46,55.83,0.37,0.89,248.8,0.17,0.59,0,49.31,24.65,0.1,0,0.03,0,5.6,NULL,NULL),
(148,148,95,14,57,1.39,0.07,0,2.73,2.19,0.75,20.87,9.61,0.07,24.98,0.35,10.99,327.7,0.02,0.18,0,NULL,NULL,0.06,0.02,0.04,0,9.63,NULL,NULL),
(149,149,95,17,72,0.88,0.14,0,3.86,1.89,0.4,34.55,8.51,0.13,14.2,0.15,3.64,150.09,0.02,0.15,0,6,3,0,0.03,0.06,0,18.72,NULL,NULL),
(150,150,90,31,129,1.91,0.06,0,7.2,1.97,0.74,43.67,18.02,0.25,57.71,0.52,2.34,328.07,0.9,0.25,0,NULL,NULL,0.07,0,0.09,0,43.2,NULL,NULL),
(151,151,89,42,175,1.8,1.24,0,7.56,1.75,0.7,42.59,17.25,0.26,59.38,0.47,3.42,321.45,0.02,0.26,0,NULL,NULL,0.07,0,0.07,0.63,40.52,NULL,NULL),
(152,152,95,13,55,1.77,0.11,0,2.22,1.74,1.09,116.56,17.79,0.24,25.17,0.94,9.42,233.4,0.04,0.23,0,532.75,266.38,0.04,0,0,0.35,46.29,NULL,NULL),
(153,153,89,33,140,3.26,0.61,0,5.71,1.85,1.78,179.41,20.9,1.88,49.35,3.18,2.3,711.3,0.2,1.32,0,1743.25,871.63,0.12,0.15,0.47,0.72,51.69,NULL,NULL),
(154,154,82,57,237,3.42,0.35,0,12.67,3.09,1.41,16.16,15.61,0.13,49.03,1.06,398.14,122.21,0.08,0.53,0,244.17,122.08,0.03,0,0,3.72,0,NULL,NULL),
(155,155,90,30,127,2.67,0.74,0,4.95,3.52,1.39,126.02,29.55,0.23,48.26,1.27,19.35,265.27,0.2,1.33,0,1134,567,0,0.11,0.08,0,1.51,NULL,NULL),
(156,156,89,34,143,2.9,0.93,0,5.43,4.45,1.5,141.09,37.92,0.66,52.76,1.91,1.16,290.32,0.16,0.61,0,1160,580,0,0.1,0.1,0,17.94,NULL,NULL),
(157,157,95,15,64,1.1,0.17,0,3.14,1.17,0.46,6.94,10.54,0.07,20.19,0.24,1.02,222.39,0.04,0.14,0,54,27,0.12,0,0.02,0,21.21,NULL,NULL),
(158,158,80,61,255,2.43,0.19,0,14.96,2.8,2.75,29.08,29.33,0.18,47.16,2.09,497.93,679.91,0.2,0.37,0,166,83,0,0,0.11,2.42,18.01,NULL,NULL),
(159,159,88,38,161,1.38,0.9,0,7.71,3.12,1.87,11.73,16.79,0.08,27.21,1.58,418.28,388.2,0.08,0.13,0,76,38,0,0,0.06,0,2.71,NULL,NULL),
(160,160,91,28,117,1.36,0,0,6.89,1.03,0.95,13.24,15.44,NULL,30.01,1.25,103.93,308.24,0.09,0.33,0,90,45,0,0,0.07,1.18,5.38,NULL,NULL),
(161,161,94,21,86,0.81,0,0,5.12,2.27,0.4,6.95,9.5,0.04,23.38,0.29,5.24,161.16,0.07,0.17,0,NULL,NULL,0.06,0.04,0.05,0,12.8,NULL,NULL),
(162,162,92,25,104,1.79,0.17,0,5.35,2.38,0.53,41.1,17.83,0.5,27.99,0.43,0,208.2,0.06,0.33,0,32.08,16.04,0,0.08,0,0,1.15,NULL,NULL),
(163,163,84,96,402,1.24,8.4,0,6.03,6.31,0.55,7.92,14.68,0.17,21.95,0.21,0,206.26,0.15,0.22,0,NULL,NULL,0,0.04,0,0,8.66,NULL,NULL),
(164,164,86,48,202,0.86,0.12,0,12.33,0.99,0.37,22.43,18.44,1.62,12.78,0.26,0,131.34,0.11,0.14,0,NULL,NULL,0.17,0.02,0,0,34.62,NULL,NULL),
(165,165,91,31,128,0.47,0.11,0,7.8,0.33,0.33,13.54,10.07,1.02,7.63,0.36,1.24,106.68,0.04,0.06,0,2.26,1.13,0.05,0,0,0,1.25,NULL,NULL),
(166,166,83,62,261,0.83,0.7,0,14.93,1.7,0.39,5.78,9.3,0.08,20.29,0.16,0,128.34,0.09,0.1,0,NULL,NULL,0,0.04,0.05,0,10.28,NULL,NULL),
(167,167,74,110,461,0.72,3.66,0,21.46,1.72,0.29,22.16,12.73,3.29,10.79,0.27,15.1,75.49,0.14,0.19,0,NULL,NULL,0,0,0.07,0,10.27,NULL,NULL),
(168,168,89,58,243,0.8,3.94,0,6.21,2.55,0.35,35.18,17.04,6.16,16.43,0.43,5.18,123.62,0.18,0.27,0,NULL,NULL,0,0.04,0.07,0,0,NULL,NULL),
(169,169,91,33,140,0.91,0.21,0,7.97,1.51,0.39,12.55,13.13,0.07,9.24,0.22,0,164.99,0.07,0.15,0,247,123.5,0,0.04,0,1.38,941.37,NULL,NULL),
(170,170,94,22,92,0.59,0,0,5.54,0.7,0.26,7.59,8.66,0.03,12.86,0.17,1.28,111.99,0.04,0.07,0,192,96,0,0.1,0,0,623.24,NULL,NULL),
(171,171,52,183,765,0.41,0,0,46.89,0.52,0.53,13.15,9.96,0.1,20.94,2.15,2.7,221.19,0.03,0.14,0,NULL,NULL,0,0.23,0.37,0,4.27,NULL,NULL),
(172,172,85,53,220,0.77,0,0,13.85,2.43,0.6,5.72,5.48,0.03,13.92,0.1,0,134.05,0.06,0.05,0,27.21,13.6,0.07,0,0.03,0,7.63,NULL,NULL),
(173,173,50,177,742,1.03,0.28,0,47.66,4.55,0.7,39.24,14.49,0.2,26.07,2.7,2.79,263.26,0.16,0.2,0,NULL,NULL,0,0.22,0.08,0,5.15,NULL,NULL),
(174,174,73,97,406,0.97,0.3,0,25.33,2.14,0.66,22.77,24.84,0.16,23.36,0.16,0.79,300.01,0.17,0.19,0,NULL,NULL,0.09,0.07,0.07,1.58,10.15,NULL,NULL),
(175,175,64,128,536,1.43,0.24,0,33.67,1.53,0.78,4.15,23.79,0.16,25.52,0.29,0,328.03,0.05,0.16,0,238.83,119.42,0.03,0.02,0.14,0,15.75,NULL,NULL),
(176,176,21,280,1172,2.17,0.05,0,75.67,3.83,0.99,11.95,49.19,0.84,36.88,0.61,9.88,518.25,0.16,0.3,0,27.36,13.68,0.03,0,0.06,1.41,0,NULL,NULL),
(177,177,70,105,440,1.13,0.14,0,27.8,2.8,0.85,6.36,30.16,0.21,15.82,0.2,0,386.59,0.06,0.12,0,NULL,NULL,0.09,0,0.03,0,17.5,NULL,NULL),
(178,178,75,87,363,1.75,0.06,0,22.34,2.59,0.62,3.22,23.69,0.6,28.68,0.2,0,264.39,0.11,0.12,0,6.42,3.21,0,0,0.14,0,10.47,NULL,NULL),
(179,179,74,92,383,1.4,0.12,0,23.85,1.95,0.84,3.42,27.8,0.14,26.72,0.35,0,376.47,0.1,0.18,0,13.63,6.81,0,0.02,0.14,0,5.86,NULL,NULL),
(180,180,68,112,470,1.48,0.21,0,29.34,1.95,0.79,3.19,28.38,0.09,22.27,0.34,0,354.81,0.08,0.26,0,49.71,24.85,0,0,0.14,0,7.56,NULL,NULL),
(181,181,78,78,326,1.23,0.08,0,20.31,2.03,0.67,5.49,30.41,0.41,19.75,0.37,0.94,267.35,0.06,0.14,0,NULL,NULL,0.05,0.03,0.17,0,0,NULL,NULL),
(182,182,72,98,411,1.27,0.07,0,25.96,2.04,0.85,7.56,26.29,0.42,22.2,0.38,0,357.68,0.05,0.15,0,32.42,16.21,0,0.02,0.1,0,21.59,NULL,NULL),
(183,183,79,74,311,0.95,0.14,0,19.41,2.19,0.28,12.1,24.62,0.04,9.34,0.26,0.7,71.64,0.15,0.59,0,NULL,NULL,0.25,0,0.04,0,13.56,NULL,NULL),
(184,184,87,46,191,1.28,0,0,11.43,2.58,0.38,12.74,11.28,0.05,24.47,0.15,1.44,119.4,0.02,0.18,0,NULL,NULL,0.11,0,0.05,0,26.7,NULL,NULL),
(185,185,92,26,110,0.59,0.17,0,6.37,1.36,0.42,9.16,7.17,0.07,25.66,0.32,6.95,148.08,0.1,0.05,0,106,53,0.04,0,0,0,0,NULL,NULL),
(186,186,88,43,180,0.97,0.33,0,10.29,1.68,0.3,1.42,10.11,0.12,15.64,0.15,2.97,123.86,0.07,0.09,0,14.67,7.33,0,0,0,0,219.33,NULL,NULL),
(187,187,90,37,153,0.48,0.15,0,9.35,0.81,0.2,0.84,7.07,0.05,9.77,0.15,4.16,87.66,0.07,0.08,0,22,11,0,0.02,0,2.25,119.72,NULL,NULL),
(188,188,88,45,189,0.4,0.2,0,10.73,0.63,0.29,0.98,8.45,0.06,11.4,0.15,45.04,106.99,0.04,0.07,0,10,5,0,0.03,0,0,138.7,NULL,NULL),
(189,189,80,71,299,0.36,0.07,0,19.33,6.52,0.52,17.85,8.55,0.39,18.43,0.1,2.18,163.55,0,0.19,0,NULL,NULL,0,0,0.03,0,29.61,NULL,NULL),
(190,190,87,46,191,0.87,0.18,0,11.48,2.03,0.37,4.79,7.36,0.13,10.75,0.2,4.09,132.58,0.08,0.24,0,NULL,NULL,0.12,0,0,0,60.87,NULL,NULL),
(191,191,79,76,316,1.4,0.36,0,18.86,3.9,0.7,27.41,17.96,0.06,48.6,0.36,1.68,248.01,0.12,0.53,0,NULL,NULL,0.14,0,0,0,27.03,NULL,NULL),
(192,192,86,49,207,1.16,0.95,0,10.43,3.12,1.22,13.12,18.17,0.07,21.28,0.49,3.2,331.03,0.07,0.34,0,NULL,NULL,0.37,0.04,0.07,4.34,24.51,NULL,NULL),
(193,193,87,49,204,0.84,0.59,0,11.39,1.59,0.62,5.49,13.91,0.17,14.2,0.26,0.69,291.09,0.14,0.15,0,NULL,NULL,0.07,0.07,0.05,0,10.49,NULL,NULL),
(194,194,88,41,173,0.97,0.16,0,10.25,1.79,0.44,27.39,11.31,0.06,14.57,0.2,0,174.42,0.13,0.09,0,NULL,NULL,0.05,0,0,0,0.79,NULL,NULL),
(195,195,49,184,771,0.56,0.15,0,50.34,1.98,0.18,32.62,6.85,0.16,6.25,0.5,6.87,39.35,0.25,0.09,0,NULL,NULL,0,0,0,0,5.24,NULL,NULL),
(196,196,81,67,281,1.08,0.19,0,17.17,5.55,0.69,33.68,24.03,0.04,27.39,0.23,0.8,188.13,0.07,0.13,0,NULL,NULL,0.03,0,0,0,9.87,NULL,NULL),
(197,197,86,52,216,0.9,0.49,0,12.4,6.33,0.52,5.01,7.04,0.07,16.4,0.17,0,219.77,0.04,0.16,0,NULL,NULL,0,0,0.03,0,99.2,NULL,NULL),
(198,198,25,269,1125,0.58,0,0,74.12,3.73,0.52,10.06,6.49,0.11,53.57,0.4,3.7,164.81,0.06,0.09,0,136.42,68.21,0.07,0,0,0,23.06,NULL,NULL),
(199,199,20,286,1195,0.41,0.1,0,78.7,4.37,0.52,14.7,9.67,0.16,28.2,0.4,11.03,250.72,0.08,0.14,0,50.33,25.17,0,0,0,1.41,34.33,NULL,NULL),
(200,200,85,54,227,1.09,0.44,0,13.01,6.22,0.48,4.45,6.89,0.09,15.37,0.17,0,197.58,0.04,0.13,0,38,19,0,0,0.03,0,80.6,NULL,NULL),
(201,201,82,62,258,0.85,0.21,0,15.84,1.91,0.95,40.12,23.5,0.08,19.17,0.17,4.16,249.67,0.04,0.13,0,NULL,NULL,0.17,0.12,0.03,0,19.14,NULL,NULL),
(202,202,89,38,160,0.57,0.14,0,9.78,1.19,0.35,5.98,9.76,0.06,16.59,0.1,3.05,169.96,0.06,0.05,0,NULL,NULL,0,0.09,0,0,10.48,NULL,NULL),
(203,203,84,58,243,0.61,0.13,0,15.26,2.3,0.36,8.35,17.78,0.3,14.55,0.09,0,129.72,0.07,0.28,0,NULL,NULL,0.06,0,0,0,16.17,NULL,NULL),
(204,204,75,88,368,1.4,0.27,0,22.5,2.39,0.76,11.25,40.05,0.48,13.9,0.38,1.8,233.75,0.09,0.17,0,NULL,NULL,0.1,0.04,0.05,0,14.82,NULL,NULL),
(205,205,92,27,113,0.89,0.07,0,6.49,5.07,0.45,13.8,14.18,0.05,18.36,0.14,21.66,134.87,0.02,0.11,0,NULL,NULL,0.08,0,0,1.18,3.77,NULL,NULL),
(206,206,88,41,172,0.55,0.11,0,10.63,1.78,1.04,3.09,2.16,0,4.12,0.05,1.37,394.34,0.03,0.05,0,7.52,3.76,0.17,0,0.12,0,27.07,NULL,NULL),
(207,207,86,51,214,1.34,0.63,0,11.5,2.65,0.66,23.91,10.58,0.05,33.08,0.25,0,268.92,0.15,0.07,0,5.42,2.71,0,0,0.06,0,70.78,NULL,NULL),
(208,208,87,45,190,0.98,0.1,0,11.47,1.12,0.37,35.41,9.22,0.04,23.8,0.14,0,174.15,0.04,0.06,0,3.88,1.94,0.06,0.02,0,0,56.87,NULL,NULL),
(209,209,90,37,153,0.65,0,0,8.7,0,0.36,5.93,7.8,0.02,21.93,0.06,0,172.56,0.02,0,0,4,2,0.03,0,0.02,0,94.48,NULL,NULL),
(210,210,85,51,215,1.08,0.19,0,12.86,3.98,0.5,51.08,14.06,0.04,20.12,0.15,0.83,172.52,0.04,0.22,0,NULL,NULL,0.07,0.09,0.03,0,34.68,NULL,NULL),
(211,211,89,41,171,0.67,0.14,0,9.57,1.03,0.4,13.39,10.11,0.02,14.89,0.09,0,145.24,0.02,0.07,0,4.46,2.23,0.04,0,0.04,0,44.32,NULL,NULL),
(212,212,87,46,191,1.06,0.08,0,11.53,1.78,0.36,31.47,10.16,0.05,14.51,0.12,1.11,129.87,0.03,0.12,0,NULL,NULL,0.09,0.05,0.04,0,43.46,NULL,NULL),
(213,213,90,39,165,0.71,0.12,0,9.17,0.42,0.32,7.74,10.89,0.02,16.24,0,0,128.74,0.02,0.03,0,NULL,NULL,0.1,0.03,0.04,0,41.3,NULL,NULL),
(214,214,90,37,154,1.04,0.13,0,8.95,0.77,0.33,21.89,8.61,0.05,22.68,0.09,0,162.82,0.03,0.06,0,0.92,0.46,0.07,0.02,0.02,0,53.73,NULL,NULL),
(215,215,91,33,137,0.74,0.07,0,7.55,0,0.34,7.37,7.59,0.03,14.01,0,0,148.76,0.01,0,0,1.21,0.6,0,0,0,0,73.34,NULL,NULL),
(216,216,87,46,193,0.77,0.16,0,11.72,1.73,0.41,33.74,14.4,0.06,19.77,0.09,0.63,157.9,0.04,0.11,0,NULL,NULL,0.07,0.04,0.03,0,47.85,NULL,NULL),
(217,217,91,36,151,0.48,0.12,0,8.55,0.42,0.31,9.08,9.59,0.03,17.27,0,0,143.42,0.02,0,0,2,1,0,0,0.03,0,0,NULL,NULL),
(218,218,94,14,59,0.33,0,0,5.25,0,0.24,10.18,8.86,0.03,11.13,0.08,0,119.88,0.03,NULL,0,31.42,15.71,0,0,0,0,32.78,NULL,NULL),
(219,219,92,22,93,0.57,0.07,0,7.32,0,0.25,5.26,5.92,0.01,13.04,0.05,0,112.51,0.02,0.05,0,NULL,NULL,0,0,0.03,0,34.5,NULL,NULL),
(220,220,87,32,133,0.94,0.14,0,11.08,1.18,0.41,50.98,9.7,0.07,23.76,0.18,1.25,128.29,0.06,0.21,0,NULL,NULL,0.3,0.04,0,0,38.24,NULL,NULL),
(221,221,83,63,262,0.23,0.25,0,16.59,2.03,0.29,3.39,4.86,0.01,11.4,0.05,1.32,117.48,0.03,0,0,NULL,NULL,0.05,0,0,0,1.49,NULL,NULL),
(222,222,84,56,232,0.29,0,0,15.15,1.35,0.22,1.92,2.04,0.03,9.08,0.09,0,74.71,0.06,0,0,3.5,1.75,0,0,0.03,0,2.41,NULL,NULL),
(223,223,42,404,1692,2.08,40.66,0,13.95,13.44,1.79,66.53,66.05,0.08,43.87,0.81,0.65,305.81,0.35,0.66,0,1020,510,0.11,0.11,0.03,0,13.44,NULL,NULL),
(224,224,46,196,819,0.19,0.07,0,54,1.31,0.21,20.01,5.81,0.02,4.48,0.11,2.91,68.24,0.02,0.07,0,NULL,NULL,0.03,0,0,0,3.9,NULL,NULL),
(225,225,87,45,190,0.82,0.12,0,11.55,1.81,0.58,24.87,17.32,0.04,10.86,0.23,3.26,221.8,1.36,0.07,0,148,74,0.03,0.03,0,0,78.53,NULL,NULL),
(226,226,89,40,168,0.46,0.12,0,10.44,1.04,0.4,22.42,22.18,0.01,10.67,0.19,1.63,126.15,0.02,0.07,0,118,59,0.03,0.04,0,1.03,82.21,NULL,NULL),
(227,227,42,209,876,0.32,0.1,0,57.64,1.23,0.07,12.44,4.54,0.04,3.23,0.15,4.74,8.67,0.02,0.02,0,NULL,NULL,0,0,0,0,0,NULL,NULL),
(228,228,82,64,266,0.41,0.26,0,16.66,1.58,0.39,11.66,7.82,0.17,9.3,0.1,0.55,147.88,0.1,0.07,0,162,81,0.02,0.06,0.05,0,17.41,NULL,NULL),
(229,229,80,72,303,0.41,0.17,0,19.35,1.63,0.33,11.64,8.73,0.05,14.01,0.09,1.86,156.53,0.09,0.09,0,786.92,393.46,0.09,0.03,0,0,65.52,NULL,NULL),
(230,230,86,48,202,0.38,0.23,0,12.52,1.07,0.37,7.12,9.49,0.12,9.11,0.09,6.73,131.37,0.06,0.07,0,NULL,NULL,0,0.07,0.03,0,24.9,NULL,NULL),
(231,231,86,51,212,0.86,0.22,0,12.77,2.07,0.34,7.64,7.4,0.34,13.78,0.08,0,138.37,0.06,0.08,0,118,59,0,0.04,0.03,0,7.94,NULL,NULL),
(232,232,83,68,286,1.99,2.1,0,12.26,1.14,0.79,5.39,27.97,0.12,50.69,0.56,1.58,338.42,0.19,0.39,0,114,57,0,0.05,0.05,0,19.84,NULL,NULL),
(233,233,89,39,162,0.81,0.18,0,9.6,0.51,0.52,4.61,9.7,0.07,15.26,0.29,8.1,227.91,0.05,0.19,0,NULL,NULL,0,0.09,0.06,0,7.26,NULL,NULL),
(234,234,89,42,176,0.77,0.19,0,9.64,0.35,0.46,4.16,4.16,0.07,13.9,0.35,21.69,200.7,0.05,0.14,0,NULL,NULL,0,0.08,0.05,1.92,13.68,NULL,NULL),
(235,235,91,33,136,0.88,0,0,8.14,0.12,0.27,7.72,9.63,0.14,12.18,0.23,0,104.03,0.04,0.1,0,61,30.5,0,0,0,0,6.15,NULL,NULL),
(236,236,91,29,123,0.68,0,0,7.53,0.25,0.52,2.86,5.95,0.05,10.14,0.23,11.17,216,0.04,0.09,0,2,1,0,0,0.02,0,8.68,NULL,NULL),
(237,237,84,58,241,0.88,0.13,0,14.86,3.07,0.47,33.07,12.3,0.05,19.5,0.07,1.17,158.54,0.06,0.1,0,NULL,NULL,0.08,0.07,0.05,0,21.8,NULL,NULL),
(238,238,90,37,154,0.65,0.13,0,9.34,2.73,0.32,17.18,8.21,0.05,13.7,0.09,1.82,124.99,0.07,0.15,0,NULL,NULL,0.03,0,0,0,111.97,NULL,NULL),
(239,239,92,30,126,0.89,0.31,0,6.82,1.72,0.45,10.9,9.67,0.33,22.43,0.32,0,184.4,0.06,0.18,0,NULL,NULL,0,0.03,0.03,0,63.6,NULL,NULL),
(240,240,88,43,178,0.31,0,0,11.53,2.96,0.4,19.69,9.72,0.07,10.08,0.15,0,112.85,0.12,0.12,0,170,85,0,0,0,0,3.16,NULL,NULL),
(241,241,66,205,858,2.34,17.97,0,12.97,19.04,0.83,32.44,29.77,0.64,33.75,0.27,0,297.79,0.21,0.96,0,60,30,0.17,0.48,0.06,2.57,8.28,NULL,NULL),
(242,242,83,61,254,0.24,0.23,0,16.07,2.98,0.27,8.71,6.12,0.04,11.71,0.32,0.98,102.22,0.08,0.07,0,NULL,NULL,0.06,0,0,0,2.36,NULL,NULL),
(243,243,85,53,223,0.57,0.11,0,14.02,3.01,0.27,8.28,5.78,0.04,11.77,0.09,0,115.87,0.07,0.08,0,NULL,NULL,0,0,0,0,2.83,NULL,NULL),
(244,244,89,36,152,0.83,0,0,9.32,1.42,0.53,3.23,4.44,0.05,15.44,0.22,0,123.79,0.02,0.06,0,NULL,NULL,0.05,0,0,0,3.25,NULL,NULL),
(245,245,82,63,264,0.71,0,0,16.88,1.02,0.23,4.1,4.04,0.03,8.81,0.6,3.2,94.72,0.04,0.09,0,47.54,23.77,0,0,0,0,0,NULL,NULL),
(246,246,75,88,370,1.49,0.32,0,22.45,3.36,0.7,20.88,30.54,0.15,34.4,0.21,1.34,283.05,0.11,0.24,0,NULL,NULL,0.12,0.04,0.09,0,35.9,NULL,NULL),
(247,247,88,41,173,0.93,0.17,0,10.24,3.24,0.36,17.88,12.23,0.36,13.14,0.4,1.7,113.44,0.08,0.35,0,154,77,0.03,0.1,0,0,24.87,NULL,NULL),
(248,248,95,19,80,0.29,0.12,0,4.76,0.74,0.26,7.8,6.2,0.05,12.22,0.37,5.03,87.31,0.06,0.09,0,145.54,72.77,0,0,0,0,0,NULL,NULL),
(249,249,84,56,233,0.4,0,0,15.11,0.44,0.5,4.75,12.7,0.13,40.27,0.26,0.59,484.57,0.19,0.67,0,NULL,NULL,0.12,0.17,0.05,0,8.12,NULL,NULL),
(250,250,22,276,1154,3.21,0.46,0,72.53,6.45,1.86,37.1,59.11,0.34,54.59,0.55,0.36,722.99,0.29,0.67,0,NULL,NULL,0.31,0,0.1,0,7.25,NULL,NULL),
(251,251,89,38,158,0.85,0.07,0,9.61,0.94,0.31,12.89,7.73,0.04,12.45,0.11,0,131.44,0.03,0,0,47.38,23.69,0.06,0.02,0.02,0,48.82,NULL,NULL),
(252,252,90,36,151,0.52,0,0,8.8,0,0.28,4.28,6.46,0.02,9.02,0,0,119,0.02,0,0,51.17,25.58,0.06,0,0.03,0,41.75,NULL,NULL),
(253,253,51,262,1096,2.09,19.08,0,26.47,12.65,1.09,46.34,121.01,0.55,52.55,0.57,3.89,401.17,0.39,0.87,0,2362.64,1181.32,0.04,0,0.11,0,17.99,NULL,NULL),
(254,254,89,37,155,0.84,0,0,9.4,1.98,0.47,11.56,11.35,0.03,13.38,0.09,0,151.83,0.04,0.42,0,NULL,NULL,0.05,0.06,0.03,0,24.06,NULL,NULL),
(255,255,90,34,142,0.51,0.07,0,8.79,1.34,0.45,10.71,8.12,0.05,12.68,0.21,5.77,153.88,0.04,0.07,0,NULL,NULL,0,0.06,0,0,3.95,NULL,NULL),
(256,256,85,53,221,0.75,0.2,0,13.57,0.92,0.57,6.66,4.98,0.13,12.12,0.14,0,161.94,0.11,0,0,5.33,2.67,0,0,0.03,0,3.29,NULL,NULL),
(257,257,86,49,205,0.61,0.16,0,12.7,0.93,0.46,7.62,5.83,0.07,22.79,0.17,7.92,158.89,0.05,0,0,NULL,NULL,0.02,0.02,0,0,1.86,NULL,NULL),
(258,258,85,58,241,0,0,0,14.71,0.23,0.16,9.32,7.06,0.2,10.02,0.12,9.58,53.73,0.13,0.05,0,NULL,NULL,0.07,0.02,0.05,0,20.97,NULL,NULL),
(259,259,0,884,3699,0,100,0,0,0,NULL,NULL,NULL,NULL,NULL,NULL,NULL,NULL,NULL,NULL,0,NULL,NULL,NULL,NULL,NULL,NULL,NULL,NULL,NULL),
(260,260,0,884,3699,0,100,0,0,0,NULL,NULL,NULL,NULL,NULL,NULL,NULL,NULL,NULL,NULL,0,NULL,NULL,NULL,NULL,NULL,NULL,NULL,NULL,NULL),
(261,261,16,726,3037,0.41,82.36,200.55,0.06,0,1.37,9.42,1.47,0,27.7,0.15,578.69,14.78,0,0,923.55,NULL,NULL,0,0,0,0,0,NULL,NULL),
(262,262,14,758,3170,0.4,86.04,213.95,0,0,0.05,3.61,1.43,0,7.07,0,3.85,5.2,0.04,0,1013.09,NULL,NULL,0,0,0,0,0,NULL,NULL),
(263,263,32,596,2494,0,67.43,0,0,0,1.94,5.56,1.13,0,7.26,0.09,894.04,21.42,0,0,462.12,NULL,NULL,0,0,0,0,0,NULL,NULL),
(264,264,20,723,3023,0,81.73,0,0,0,0.16,2.6,0.54,0,3.75,0.05,77.89,1.77,0,0,534.38,NULL,NULL,0,0,0,0,0,NULL,NULL),
(265,265,32,594,2487,0,67.25,0,0,0,1.25,4.54,1.23,0,5.97,0,560.8,14.71,0,0,385.39,NULL,NULL,0,0,0,0,0,NULL,NULL),
(266,266,33,593,2482,0,67.1,0,0,0,0.1,4.96,1.15,0,7.16,0.08,33.19,4.73,0,0,245.1,NULL,NULL,0,0,0,0,0,NULL,NULL),
(267,267,0,884,3699,0,100,0,0,0,NULL,NULL,NULL,NULL,NULL,NULL,NULL,NULL,NULL,NULL,0,NULL,NULL,NULL,NULL,NULL,NULL,NULL,NULL,NULL),
(268,268,0,884,3699,0,100,0,0,0,NULL,NULL,NULL,NULL,NULL,NULL,NULL,NULL,NULL,NULL,0,NULL,NULL,NULL,NULL,NULL,NULL,NULL,NULL,NULL),
(269,269,0,884,3699,0,100,0,0,0,NULL,NULL,NULL,NULL,NULL,NULL,NULL,NULL,NULL,NULL,0,NULL,NULL,NULL,NULL,NULL,NULL,NULL,NULL,NULL),
(270,270,0,884,3699,0,100,0,0,0,NULL,NULL,NULL,NULL,NULL,NULL,NULL,NULL,NULL,NULL,0,NULL,NULL,NULL,NULL,NULL,NULL,NULL,NULL,NULL),
(271,271,0,884,3699,0,100,0,0,0,NULL,NULL,NULL,NULL,NULL,NULL,NULL,NULL,NULL,NULL,0,NULL,NULL,NULL,NULL,NULL,NULL,NULL,NULL,NULL),
(272,272,0,884,3699,0,100,0,0,0,NULL,NULL,NULL,NULL,NULL,NULL,NULL,NULL,NULL,NULL,0,NULL,NULL,NULL,NULL,NULL,NULL,NULL,NULL,NULL),
(273,273,74,112,467,23.53,1.24,102.8,0,0,1.65,22.61,20.25,0,337.86,0.53,334.39,155.64,0.03,0.51,0,0,0,0,0,0,0.44,NULL,NULL,NULL),
(274,274,80,91,381,19.35,0.94,86.86,0,0,0.89,16.73,15.74,0,350.7,0.33,189.34,145.67,0.03,0.44,0,0,0,0,0,0,0,NULL,NULL,NULL),
(275,275,86,59,247,13.08,0.36,31.41,0,0,0.63,10.17,14.5,0.01,90.54,0.11,78.52,148.35,0.14,0.39,0,0,0,0.04,0,0,4.6,NULL,NULL,NULL),
(276,276,71,130,542,27.61,1.3,135.85,0,0,1.59,20.17,22.11,0,581.13,0.33,305.09,278.64,0,0.44,5.69,5.69,5.69,0.03,0,0,0.44,NULL,NULL,NULL),
(277,277,65,166,694,26.19,6,52.94,0,0,1.53,6.52,29.48,0,211.01,1.23,362.15,279.86,0.04,0.59,0,0,0,0.15,0.03,0,3.17,NULL,NULL,NULL),
(278,278,73,118,492,25.68,0.87,47.8,0,0,1.31,6.69,32.23,0,253.86,1.27,30.3,307.76,0.09,0.4,20.3,20.3,20,0,0.04,0,5.94,NULL,NULL,NULL),
(279,279,48,136,569,29.04,1.32,138.88,0,0,22.5,156.97,49.47,0.03,186.21,0.85,13585.1,433.9,0.09,0.67,0,0,0,0,0.21,0,0,NULL,NULL,NULL),
(280,280,66,140,584,23.98,3.61,111.97,1.22,0,5.28,59.12,15.06,0,51.34,0.15,1256.28,50.22,0.04,0.56,0,0,0,0.03,0.05,0,5.17,0,NULL,NULL),
(281,281,61,208,872,24.95,9.95,74.91,3.1,0.54,1.37,30.44,25.51,0.06,461.57,1,160.03,419.89,0,0.55,17.38,17.38,17.38,0,0,0,0.77,NULL,NULL,NULL),
(282,282,76,116,485,25.59,0.75,83.25,0,0,1.18,10.32,21.12,0,203.71,0.32,114.91,248.64,0.03,0.61,11.62,11.62,12,0,0.04,0,9.77,NULL,NULL,NULL),
(283,283,81,83,349,17.85,0.79,36.13,0,0,1.24,8.7,19.3,0.04,181.45,0.2,176.02,299.02,0.13,0.32,6,6,6,0.04,0,0,1.31,NULL,NULL,NULL),
(284,284,79,90,377,18.97,1,240.85,0,0,1.73,89.74,18.91,0.06,265.85,1.28,366.55,101.74,0.17,1.24,0,0,0,0,0,0,1.07,NULL,NULL,NULL),
(285,285,89,47,197,9.99,0.5,123.99,0,0,0.8,51.12,27.37,0.04,233.92,0.67,201.13,72.01,0.11,0.71,20,20,20,0,0,0,0,NULL,NULL,NULL),
(286,286,61,231,968,18.39,15.62,283.14,2.88,0,2.07,959.7,73.97,0.38,336.99,2.44,99.06,106.77,0.19,1.1,0,0,0,0.05,0,0,0.35,NULL,NULL,NULL),
(287,287,77,83,346,18.48,0.42,84.61,0,0,3.55,357.15,52.23,0.07,153.69,2.86,360.11,185.83,0.72,5.65,0,0,0,0.04,0.31,0,4.17,0,NULL,NULL),
(288,288,76,128,536,17.37,5.99,40.23,-0.03,0,1.03,40.05,22.77,0.02,190.07,0.5,47.01,316.74,0.03,0.4,0,0,0,0,0,0,1.87,NULL,NULL,NULL),
(289,289,60,261,1094,19.9,19.57,80.09,0,0,0.96,22.3,24.21,0.01,220.64,0.97,40.43,326.5,0.03,0.75,0,0,0,0.13,0.06,0,2.7,NULL,NULL,NULL),
(290,290,65,239,999,20.13,16.93,74.62,0,0,0.84,64.69,22.83,0.02,185.27,0.62,37.17,253.99,0.05,0.95,0,0,0,0,0,0,2.09,NULL,NULL,NULL),
(291,291,79,101,423,18.92,2.24,73.11,0,0,1.02,39.43,24.5,0.02,153.82,0.26,45.09,293.02,0.02,0.36,8.12,8.12,8.12,0,0.08,0,0,NULL,NULL,NULL),
(292,292,79,94,392,18.57,1.58,67.07,0,0,1.08,0,23.75,0.01,183.08,0.38,67.97,338.7,0.03,0.36,65.02,65.02,65.02,0.12,0.05,0,2.62,NULL,NULL,NULL),
(293,293,69,147,613,26.77,3.57,117.05,0,0,1.35,60.23,24.1,0.03,175.9,0.54,85.35,291.46,0.02,0.67,0,0,0,0.11,0.1,0,4.23,NULL,NULL,NULL),
(294,294,74,100,419,23.44,2.56,122.56,0,0,0.9,69.37,22.22,0.02,163.56,0.58,68.39,194.04,0.03,0.69,6.28,6.28,6.28,0,0.03,0,0.77,NULL,NULL,NULL),
(295,295,76,131,549,18.81,5.64,51.99,0,0,1.07,12.13,26.26,0.01,189.27,0.15,40.3,392.51,0.02,0.48,0,0,0,0,0,0,3.7,NULL,NULL,NULL),
(296,296,72,131,547,16.81,6.55,158.66,0,0,3.57,1181.28,44.69,0.28,696.15,0.91,47.92,244.4,0.09,3.34,4.31,4.31,4.31,0.05,0,0,3.3,NULL,NULL,NULL),
(297,297,40,327,1368,28.43,22.78,246.32,0,0,6.17,1881.04,66.29,0.34,1067.28,0.81,64.55,331.17,0.31,5.63,9.45,9.45,9.45,0.25,0.03,0.04,8.93,NULL,NULL,NULL),
(298,298,72,152,634,15.65,9.4,144.25,0,0,2.21,590.27,31.61,0.41,440.93,0.63,41.11,207.36,0.05,2.42,0,0,0,0,0.03,0.07,1.86,NULL,NULL,NULL),
(299,299,41,344,1437,23.45,22.59,281.76,10.24,0.36,2.41,763.31,46.9,0.36,577.94,3.04,36.52,319.27,0.15,3.77,29.94,29.94,29.94,0.05,0.07,0,0.79,NULL,NULL,NULL),
(300,300,41,349,1462,30.14,24.46,270.34,0,0,4.23,575.03,31.66,0.21,735.43,0.92,40.61,318.18,0.14,3.24,12.07,12.07,12.07,0.03,0.03,0,7.27,NULL,NULL,NULL),
(301,301,71,122,510,26.6,0.92,90.97,0,0,1.24,35.91,20.27,0.03,273.2,0.37,119.95,363.57,0.03,0.89,0,0,0,0.05,0,0,7.97,NULL,NULL,NULL),
(302,302,82,89,373,16.61,2.02,57.18,0,0,1.14,20.4,27.02,0.01,184.57,0.19,79.5,339.53,0,0.33,0,0,0,0,0,0,1.34,NULL,NULL,NULL),
(303,303,63,192,802,26.93,8.5,109.1,0,0,1.53,35.63,38.14,0.02,278.93,0.38,89.96,446.62,0.03,0.56,0,0,0,0.05,0,0,0.77,NULL,NULL,NULL),
(304,304,80,111,464,16.26,4.59,50.77,0,0,0.94,15.74,19.2,0.01,135.85,0.16,76.17,261.4,0,0.25,2.77,2.77,2.77,0,0.04,0,0.6,NULL,NULL,NULL),
(305,305,57,223,933,27.36,11.78,165.44,0,0,3.24,378.27,30.08,0.06,504.1,0.51,107.23,355.15,0.08,1.12,39.35,39.35,39.35,0.08,0.11,0,8.07,NULL,NULL,NULL),
(306,306,53,283,1186,21.44,19.12,72.97,5.03,0,1.21,26.43,28.4,0.07,216.37,0.94,90.51,216.37,0.03,0.43,17.5,17.5,17.5,0,0.03,0,0.6,NULL,NULL,NULL),
(307,307,80,107,449,16.65,4,64.84,0,0,0.9,13.55,22.8,0.01,141.25,0.17,77.5,253.06,0,0.25,47.86,47.86,47.86,0,0.05,0,3.1,NULL,NULL,NULL),
(308,308,67,154,645,28.59,3.57,80.81,0,0,1.66,10.32,21.12,0,203.71,0.32,114.91,248.64,0.03,0.61,4.22,4.22,4.22,0.14,0,0,8.87,NULL,NULL,NULL),
(309,309,75,142,594,11.75,8.02,43.4,5.02,0.78,0.68,20.12,18.06,0.08,105.46,1.47,51.29,208.24,0.36,0.29,19.19,NULL,NULL,0,0.03,0,1.1,6.89,NULL,NULL),
(310,310,81,76,320,15.48,1.14,83.61,0,0,2.02,331.6,33.78,0.07,326.82,0.55,120.34,303.83,0.1,0.55,0,0,0,0.08,0,0,6.6,NULL,NULL,NULL),
(311,311,57,192,801,36.45,3.98,125.96,0,0,2.03,113.54,42.36,0.08,331.8,0.78,80.95,527.15,0.04,2.1,6.57,6.57,6.57,0.03,0,0,6.63,NULL,NULL,NULL),
(312,312,80,91,381,18.56,1.31,50.3,0,0,1.08,12,23.7,0.01,174.47,0.22,43.34,293.65,0.03,0.39,0,0,0,0,0,0,4.95,NULL,NULL,NULL),
(313,313,65,152,637,30.8,2.29,99.3,0,0,1.57,68.98,26.74,0.03,237.29,0.48,53.09,360.15,0.04,0.76,5.13,5.13,5.13,0.03,0,0,2.87,NULL,NULL,NULL),
(314,314,79,93,389,20.49,0.61,48.61,0,0,1.26,25.88,24.35,0.05,207.3,0.39,66.73,313.42,0.04,0.66,4.65,4.65,4.65,0,0,0,1.19,NULL,NULL,NULL),
(315,315,61,229,957,23.92,14.04,85.31,0,0,1.29,28.76,27.79,0.02,299.72,0.54,85.14,383.94,0.04,0.56,0,0,0,0.13,0.06,0,5.35,NULL,NULL,NULL),
(316,316,69,170,710,19.25,9.71,53.03,0,0,1.22,8.75,27.42,0,258.8,0.24,64.24,376.5,0.02,0.34,0,0,0,0.2,0.03,0,3.21,NULL,NULL,NULL),
(317,317,58,243,1015,26.14,14.53,72.82,0,0,1.61,15.09,37.86,0.01,352.16,0.37,95.81,517.9,0.04,0.5,0,0,0,0.23,0.03,0,6.3,NULL,NULL,NULL),
(318,318,60,164,688,32.18,2.99,108.99,0,0,4.35,437.73,51.36,0.24,577.78,1.25,74.47,574.34,0.14,1.82,0,0,0,0.06,0,0,5.83,NULL,NULL,NULL),
(319,319,55,285,1192,15.94,24.05,72.57,0,0,2.86,550.24,35.27,0.11,496.37,3.54,665.84,367.13,0.03,1.64,0,0,0,0.42,0.04,0,6.55,NULL,NULL,NULL),
(320,320,48,257,1075,33.38,12.69,102.87,0,0,4.3,482.07,38.83,0.25,628.76,1.12,60.1,459.94,0.14,1.64,0,0,0,0.06,0,0,7.1,NULL,NULL,NULL),
(321,321,77,114,477,21.08,2.65,60.5,0,0,1.6,167.33,28.53,0.1,293.9,1.34,60.39,312.37,0.13,1.29,0,0,0,0,0.07,0,7.7,NULL,NULL,NULL),
(322,322,80,88,367,17.96,1.22,46.9,-0.05,0,0.98,19.22,25.64,0.01,167.87,0.27,56.55,288.06,0.1,0.44,0,0,0,0,0.05,0,0.9,NULL,NULL,NULL),
(323,323,74,129,539,13.45,6.69,37.67,2.86,0,3.28,22.58,15.26,0.04,225.39,0.88,942.93,270.07,0.03,1.65,0,NULL,NULL,0.62,0.04,0,0.7,0,NULL,NULL),
(324,324,3,241,1007,7.82,16.57,0,15.05,0.58,57.63,129.03,22.06,0.02,123.04,0,22179.7,218.15,0,0,0,NULL,NULL,0.7,0.07,0.27,0,NULL,NULL,NULL),
(325,325,3,251,1052,6.28,20.42,2.11,10.65,11.81,59.28,16.36,12.79,0.13,48.06,0.69,22299.9,68.03,0,0.26,0,NULL,NULL,0.05,0.04,0,0,NULL,NULL,NULL),
(326,326,62,212,889,26.69,10.92,103.13,0,0,0.84,4.03,17.07,0.01,164.44,2.65,52.36,255.71,0.06,8.1,0,0,0,0,0.32,0,1.76,NULL,NULL,NULL),
(327,327,73,137,571,19.42,5.95,57.94,0,0,0.93,2.61,14.14,0,157.61,1.76,48.61,237.3,0.08,6.33,2.32,2.32,2.32,0.15,0.21,0.03,4.33,NULL,NULL,NULL),
(328,328,60,215,898,27.27,10.88,106.75,0,0,0.83,7.11,14.44,0,164.2,2.37,56.17,254.42,0.07,7.97,0,0,0,0,0.04,0.07,1.63,NULL,NULL,NULL),
(329,329,72,144,603,20.82,6.11,53.37,0,0,0.96,4.72,13.28,0,144.19,1.51,49.85,233.65,0.04,5.21,2.17,2.17,2.17,0.12,0.12,0,2.33,NULL,NULL,NULL),
(330,330,64,189,792,12.31,11.2,33.6,9.79,0,2.41,22.23,23.75,0.17,144.93,1.56,621.25,328.24,0.15,2.33,0,NULL,NULL,0.11,0.04,0,2.2,NULL,NULL,NULL),
(331,331,48,272,1137,18.16,15.78,36.38,14.29,0,3.69,26.76,48.12,0.41,244.3,1.91,1030.26,536.1,0.19,2.61,0,NULL,NULL,0.13,0.07,0,6.6,NULL,NULL,NULL),
(332,332,74,133,557,21.64,4.5,245.47,0,0,0.32,13.21,7.41,0.01,62.63,0.58,38.2,69.81,0.05,2.49,0,0,0,0,0,0,2.18,NULL,NULL,NULL),
(333,333,75,137,574,20.53,5.5,144.9,0,0,0.37,9.07,6.4,0.01,61.42,0.47,45,84.57,0.06,2.13,0,0,0,0,0,0,2.13,NULL,NULL,NULL),
(334,334,65,217,908,19.2,14.96,62.81,0,0,0.9,5.86,17.45,0.01,144.19,1.51,57.54,266.89,0.06,3.54,3.76,3.76,3.76,0.09,0.09,0.12,1.55,NULL,NULL,NULL),
(335,335,48,312,1304,30.69,20.03,120.43,0,0,1.13,7.26,18.38,0,213.63,2.59,80.51,323.45,0.13,6.2,0,0,0,0,0.06,0,1.74,NULL,NULL,NULL),
(336,336,73,131,548,21.54,4.33,58.35,0,0,1,6.5,19.59,0,178.23,2.04,79.17,325.43,0.06,4.59,0,0,0,0,0.04,0,1.81,NULL,NULL,NULL),
(337,337,54,239,1002,35.06,9.95,80.29,-0.01,0,1.25,8.84,25.61,0.01,287.38,2.84,82.75,384.84,0.12,7.64,0,0,0,0.03,0.08,0,1.86,NULL,NULL,NULL),
(338,338,46,263,1099,36.36,11.92,113.43,0,0,3.63,14.85,12.81,0.02,100.9,3.45,1442.7,89.57,0.07,6.09,0,0,0,0.05,0.07,0,1.5,NULL,NULL,NULL),
(339,339,44,249,1041,22.71,16.84,80.69,0,0,14.49,15.18,13.36,0,122.29,1.53,5875.03,236.26,0.03,3.89,0,0,0,0.12,0.07,0,1.63,NULL,NULL,NULL),
(340,340,42,352,1471,20.61,24,99.36,12.17,0.37,1.05,14.67,27.04,0.27,202.95,2.9,77.09,270.96,0.1,2.86,15.08,NULL,NULL,0.07,0.04,0,3.02,NULL,NULL,NULL),
(341,341,66,202,847,19.8,13.07,52.31,0,0,0.95,3.16,14,0,163.85,1.56,38.52,245.07,0.04,4.35,3.05,3.05,3.05,0.14,0.08,0,2.68,NULL,NULL,NULL),
(342,342,52,275,1150,29.88,16.33,97.87,0,0,1.15,4.29,23.57,0.01,251.89,2.79,50.88,382.74,0.08,6.68,0,0,0,0,0.19,0.17,2.75,NULL,NULL,NULL),
(343,343,66,206,861,21.15,12.81,72.65,0,0,0.92,3.67,18.16,0.01,164.2,1.31,44.13,284.65,0.04,2.79,3.59,3.59,3.59,0.11,0.08,0.03,3.79,NULL,NULL,NULL),
(344,344,52,278,1163,32.4,15.49,143.86,0,0,1.22,4.46,18.66,0,218.54,2.35,57.07,351.86,0.09,4.78,0,0,0,0,0.18,0.13,4.91,NULL,NULL,NULL),
(345,345,69,157,655,24,6,59.46,0,0,0.99,4.2,20.63,0,183.82,1.68,52.89,334.62,0.05,3.24,0,0,0,0,0.2,0,4.64,NULL,NULL,NULL),
(346,346,58,194,810,35.88,4.49,101.9,0,0,1.27,5,21.06,0,240.6,2.35,57.51,386.47,0.09,5.14,0,0,0,0,0.17,0.16,4.93,NULL,NULL,NULL),
(347,347,43,373,1561,28.81,27.72,94.59,0,0,0.99,28.01,19.55,0,179.05,2.18,91.86,270.01,0.08,5.45,0,0,0,0,0.08,0.35,0.56,NULL,NULL,NULL),
(348,348,53,358,1497,16.71,31.75,44.19,0,0,0.9,0,11.68,0,129.97,1.2,70,151.16,0,2.7,4.57,4.57,4.57,0.12,0.11,0,5.99,NULL,NULL,NULL),
(349,349,59,217,906,31.88,8.92,71.1,0,0,0.88,3.98,13.79,0,188.97,1.7,41.1,251.66,0.07,4.97,2.06,2.06,2.06,0,0,0,3.26,NULL,NULL,NULL),
(350,350,70,148,619,21.51,6.22,59.98,0,0,1.09,2.95,21.11,0,188.51,1.89,48.55,357.88,0.05,2.81,2.07,2.07,2.07,0.12,0.2,0,4.38,NULL,NULL,NULL),
(351,351,58,219,915,32.38,8.91,84.15,0,0,1.23,3.73,13.47,0,182.67,2.56,43.5,238.51,0.11,4.7,2.47,2.47,2.47,0,0,0,4.09,NULL,NULL,NULL),
(352,352,69,169,707,21.23,8.69,83.82,0,0,1.04,2.99,20.72,0,175.4,1.89,60.53,334.9,0.05,2.63,2.61,2.61,2.61,0.12,0.19,0,2.32,NULL,NULL,NULL),
(353,353,48,330,1381,28.63,23.04,90.8,0,0,0.96,7.62,18.21,0,212.27,2.7,71.59,321.07,0.08,5.29,0,0,0,0,0.08,0.14,2.16,NULL,NULL,NULL),
(354,354,65,221,926,19.54,15.3,50.95,0,0,0.88,3.57,12.76,0,220.13,1.13,46.86,150.58,0.03,2.42,2.7,2.7,2.7,0.11,0.05,0.03,3.33,NULL,NULL,NULL),
(355,355,71,141,590,20.71,5.36,392.88,1.11,0,1.49,4.16,12.42,0.26,334.16,5.63,75.92,264.5,9.01,3.46,7936.7,7936.7,7936.7,0.14,0.9,0,10.66,NULL,NULL,NULL),
(356,356,55,225,942,29.86,9.01,601.47,4.2,0,1.96,5.56,9.7,0.22,419.92,5.79,82.19,309.37,12.58,3.95,14574,14574,14574,0.21,2.69,0,11.92,NULL,NULL,NULL),
(357,357,72,143,598,21.6,5.61,54.76,0,0,1.07,2.93,21.39,0.01,192.76,1.92,48.86,321.53,0.08,2.75,3.63,3.63,3.63,0.12,0.1,0.04,1.78,NULL,NULL,NULL),
(358,358,57,220,919,32.8,8.83,102.88,0,0,1.33,4.31,28.26,0.02,308.14,2.87,57.91,325.98,0.14,4.13,0,0,0,0.03,0.08,0.05,4.27,NULL,NULL,NULL),
(359,359,62,196,818,29.38,7.77,62,0,0,0.86,3.53,13.61,0,181.45,2.77,41.68,248.8,0.07,5.55,1.76,1.76,1.76,0,0,0,2.32,NULL,NULL,NULL),
(360,360,72,141,592,20,6.22,50.3,0,0,0.97,2.81,17.85,0,166.73,1.58,54.22,324.11,0.05,4.45,2.02,2.02,2.02,0.11,0.16,0,3.28,NULL,NULL,NULL),
(361,361,50,338,1416,24.24,26.05,64.87,0,0,0.75,3.21,14.48,0,160.58,2.03,38.78,206.76,0.07,6.5,0,0,0,0,0.05,0.07,1.61,NULL,NULL,NULL),
(362,362,65,221,924,17.58,16.15,54.34,0,0,0.86,3.11,16.12,0,131.4,1.54,51.2,274.12,0.04,4.19,4.64,4.64,4.64,0.08,0.07,0.03,3.56,NULL,NULL,NULL),
(363,363,58,222,931,32.86,9.11,55.7,0,0,0.88,3.53,12.96,0,167.27,1.85,47.54,254.44,0.05,6.96,2.9,2.9,2.9,0,0,0,2.55,NULL,NULL,NULL),
(364,364,71,135,564,20.54,5.23,55.79,0,0,1.12,2.59,19.67,0,184.72,1.32,53.56,361.84,0.05,2.39,1.99,1.99,1.99,0.1,0.14,0.03,2.19,NULL,NULL,NULL),
(365,365,53,315,1318,21.37,24.8,105.07,0,0,0.66,5.93,11.54,0.01,136.46,2.07,59.06,175.29,0.08,4.09,0,0,0,0,0.08,0,1.83,NULL,NULL,NULL),
(366,366,65,215,901,17.09,15.77,117.85,0,0,0.78,5.04,15.3,0.02,163.57,1.7,73.05,250.71,0.09,2.87,0,0,0,0.05,0.04,0,1.18,NULL,NULL,NULL),
(367,367,70,153,639,20.93,7.03,50.8,0,0,1.02,2.83,15.66,0,181.32,1.15,37.42,273.66,0.03,3.48,3.18,3.18,3.18,0.12,0.08,0.03,4.27,NULL,NULL,NULL),
(368,368,65,153,641,30.74,2.42,87.7,0,0,1.39,4.17,20.89,0,237.48,2.43,58.12,386.42,0.08,5.58,0,0,0,0,0.04,0.13,1.46,NULL,NULL,NULL),
(369,369,69,163,681,21.61,7.83,60.37,0,0,1.01,3.19,20.02,0.01,165.09,1.97,43.05,298.74,0.06,2.96,3.52,3.52,3.52,0.12,0.07,0,3.59,NULL,NULL,NULL),
(370,370,52,241,1010,31.93,11.64,92.2,0,0,1.22,4.51,25.97,0.02,279.24,3.17,51.62,385.11,0.11,4.82,0,0,0,0.03,0.05,0.05,4.66,NULL,NULL,NULL),
(371,371,63,194,811,31.23,6.7,56.15,0,0,0.88,4.98,13.42,0,175.7,2.36,61.79,252.56,0.08,6.44,1.91,1.91,1.91,0,0,0,1.97,NULL,NULL,NULL),
(372,372,72,142,592,21.56,5.49,50.94,0,0,0.99,3.64,17.45,0,162.19,1.86,66.08,295.84,0.05,3.65,1.91,1.91,1.91,0.09,0.19,0.04,2.79,NULL,NULL,NULL),
(373,373,71,159,664,21.41,7.46,58.26,0,0,0.92,4.36,14.15,0,157.6,1.76,64.9,249.68,0.08,3.65,0,0,0,0,0.04,0.02,0.91,NULL,NULL,NULL),
(374,374,63,194,810,29.72,7.4,55.61,0,0,0.85,5.64,17.66,0,197.45,2.17,57.62,249.81,0.1,6.82,0,0,0,0.03,0.04,0,2.16,NULL,NULL,NULL),
(375,375,72,141,590,21.03,5.67,42.25,0,0,0.98,3.62,17.51,0,163.36,1.93,65.86,319.43,0.05,3.34,3.27,3.27,3.27,0.13,0.21,0,2.67,NULL,NULL,NULL),
(376,376,73,133,558,21.72,4.51,55.61,0,0,1.01,3.3,20.1,0.01,170.37,1.78,49.13,317.61,0.05,4.47,1.51,1.51,1.51,0.11,0.08,0,3.61,NULL,NULL,NULL),
(377,377,55,219,917,35.9,7.31,125.68,0,0,1.3,4.8,27.26,0.02,288.84,3.03,60.29,420.96,0.12,8.09,0,0,0,0.04,0.03,0,3.01,NULL,NULL,NULL),
(378,378,51,338,1416,22.25,26.99,99.54,0,0,0.72,4.03,13.87,0,135.96,1.6,55.71,204.49,0.05,3.89,0,0,0,0,0.3,0,4.54,NULL,NULL,NULL),
(379,379,61,259,1085,17.56,20.43,59.3,0,0,0.85,3.94,15.32,0,124.36,1.31,63.76,241.4,0.06,2.63,4.25,4.25,4.25,0.11,0.07,0.03,3.91,NULL,NULL,NULL),
(380,380,66,213,891,18.82,14.69,59.55,0,0,0.93,2.42,14.22,0,165.29,1.71,37.62,231.65,0.06,3.77,3.46,3.46,3.46,0.13,0.16,0,4.77,NULL,NULL,NULL),
(381,381,53,289,1208,26.42,19.51,91.76,0,0,1.09,4,24,0,246,3.2,60,355,0.14,5.5,0,0,0,0.03,0.06,0.13,1.6,NULL,NULL,NULL),
(382,382,72,134,559,21.25,4.74,75.23,0,0,1.01,3.39,20.25,0,183.05,2.13,61.15,322.5,0.08,4.23,0,0,0,0,0.05,0,1.89,NULL,NULL,NULL),
(383,383,55,238,998,31.91,11.33,99.71,0,0,1.23,4.43,25.42,0.02,281.91,3.55,60.66,376.6,0.17,6.7,0,0,0,0,0.08,0.03,1.82,NULL,NULL,NULL),
(384,384,47,313,1309,26.93,21.93,100.14,0,0,4.72,12.76,11.9,0.02,82.38,1.88,1943.18,86.03,0.03,7.7,0,0,0,0,0.06,0,2.32,NULL,NULL,NULL),
(385,385,39,313,1309,19.66,25.37,91.55,0,0,15.29,14.11,12.22,0.01,100,1.33,4439.55,190.15,0,3.65,0,0,0,0,0.07,0,2.83,NULL,NULL,NULL),
(386,386,42,283,1184,9.61,11.84,14.81,34.52,4.97,1.82,18.33,16.78,0.28,92.54,1.26,532.13,166.21,0.09,0.51,0,NULL,NULL,0.09,0,0,2.6,0,NULL,NULL),
(387,387,56,246,1028,12.04,15.56,29.85,13.95,NULL,2.49,15.5,23.64,0.34,144.18,2.51,710.64,221.4,0.1,2.67,0,NULL,NULL,0.11,0.04,0,1.95,0,NULL,NULL),
(388,388,39,347,1451,16.86,22.67,38.1,18.15,NULL,3.08,18.09,29.52,0.39,176.26,2.31,916.41,313.02,0.09,3.3,0,NULL,NULL,0.14,0.04,0,4.77,0,NULL,NULL),
(389,389,28,358,1499,6.94,15.61,22.72,47.49,2.16,1.77,15.61,18.3,0.32,77.62,1.19,524.93,137.66,0.07,0.64,0,NULL,NULL,0.12,0,0,0,NULL,NULL,NULL),
(390,390,32,377,1579,7.34,22.89,23.28,35.53,2.22,2.21,13.56,17.33,0.25,77.94,0.75,770.73,156.36,0.09,0.5,0,NULL,NULL,0.11,0,0.03,0,NULL,NULL,NULL),
(391,391,67,213,892,18.1,15.07,113.45,0,0,0.69,10.92,23.22,0.01,154.79,0.57,96.3,211.16,0.02,1.25,10.37,10.37,10.37,0.11,0.04,0,2.58,NULL,NULL,NULL),
(392,392,60,243,1016,23.88,15.62,109.55,0,0,0.8,16.76,18.35,0.01,161.94,1.66,56.09,210.01,0.08,1.7,16.16,16.16,16.16,0.03,0,0,6.33,NULL,NULL,NULL),
(393,393,61,196,819,29.58,7.7,105.52,0,0,1.09,66.14,23.17,0.02,209.6,2.12,53.24,223.59,0.15,2.66,6.05,6.05,6.05,0.03,0.03,0,9.2,NULL,NULL,NULL),
(394,394,69,222,927,12.58,18.6,159.24,0,0,0.77,5.51,19.83,0.05,193.39,4.09,95.06,220.07,0.2,2.01,9.39,9.39,9.39,0.23,0.35,0,3.39,NULL,NULL,NULL),
(395,395,64,207,867,22.44,12.1,280.36,0.61,0,1.35,8.35,20.12,0.06,275.78,6.53,128.24,242.69,0.3,3.45,0,0,0,0.2,0.19,0,9.7,NULL,NULL,NULL),
(396,396,60,215,900,28.49,10.36,145.48,0.06,0,1.3,8.34,13.93,0,251.35,1.22,94.84,318.11,0.05,2.55,5.97,5.97,5.97,0.05,0.05,0,10.4,NULL,NULL,NULL),
(397,397,73,161,676,17.09,9.81,97.4,0,0,0.83,8,25.81,0.02,185.34,0.7,94.96,274.73,0.03,1.97,10.02,10.02,10.02,0.16,0.05,0,2.04,NULL,NULL,NULL),
(398,398,67,167,701,26.86,5.85,132.92,0,0,0.87,11.78,11.14,0,186.74,0.83,64.34,191.14,0.03,2.83,0,0,0,0.07,0,0,8.2,NULL,NULL,NULL),
(399,399,76,120,502,17.81,4.86,90.56,0.02,0,0.89,7.97,27.23,0.02,196.48,0.78,98.37,291.19,0.03,2.24,11.66,11.66,11.66,0.17,0.05,0,3.53,NULL,NULL,NULL),
(400,400,78,106,446,17.59,3.49,340.58,-0.02,0,1.2,5.61,27.83,0.35,343.9,9.54,82.43,280.5,0.26,3.73,3863.33,3863.33,3863.33,0.62,0.56,0,6.36,NULL,NULL,NULL),
(401,401,55,221,924,28.46,7.79,84.32,7.51,1.13,1.35,8.91,34.83,0.06,249.35,1.08,122.33,407.56,0.05,0.84,6.61,6.61,6.61,0.05,0.04,0.52,11.07,NULL,NULL,NULL),
(402,402,67,226,947,16.44,17.31,84.84,0,0,0.75,6.3,24.3,0.01,173.55,0.62,62.88,217.24,0.04,1.12,7,7,7,0.08,0.03,0,3.28,NULL,NULL,NULL),
(403,403,63,187,784,28.03,7.5,110.94,0,0,1.16,9.06,13.88,0,232.94,0.55,70.27,283.27,0.03,1.58,0,0,0,0.09,0,0,11.2,NULL,NULL,NULL),
(404,404,67,170,713,24.99,7.06,98.93,0,0,0.89,8.18,12.35,0,193.67,0.46,50.89,216.53,0.04,1.24,0,0,0,0.1,0,0,12.83,NULL,NULL,NULL),
(405,405,75,129,540,20.59,4.57,78.24,0,0,0.93,6.52,27.04,0.01,190.48,0.54,72.96,237.68,0.03,1.24,3.67,3.67,3.67,0.12,0.03,0,3.28,NULL,NULL,NULL),
(406,406,59,212,886,33.42,7.65,109.03,0,0,1.49,8.26,18.14,0.01,297.02,0.48,55.7,380.31,0.01,0.95,6.23,6.23,6.23,0.12,0,0,15.8,NULL,NULL,NULL),
(407,407,72,149,625,20.78,6.73,79.93,0,0,0.91,8.42,28.29,0.01,212.97,0.44,62.31,251.82,0.05,0.6,4,4,4,0.09,0,0,2.58,NULL,NULL,NULL),
(408,408,66,163,681,31.47,3.16,88.51,0,0,0.98,6.44,13.76,0,224.43,0.34,36.17,231.05,0.02,0.95,0,0,0,0.1,0,0,7.6,NULL,NULL,NULL),
(409,409,75,119,499,21.53,3.02,58.68,0,0,0.97,7.36,31.26,0.01,222.03,0.43,56.14,267.09,0.03,0.66,2,2,2,0.1,0,0,5.86,NULL,NULL,NULL),
(410,410,64,159,666,32.03,2.48,89.12,0,0,1.44,5.34,18.27,0,295.01,0.33,50.25,387.37,0.02,0.78,0,0,0,0.11,0,0,24.83,NULL,NULL,NULL),
(411,411,55,260,1086,28.7,15.19,158.26,0,0,1.33,10.68,14.6,0,252.23,1.21,95.94,323.07,0.06,2.17,8.22,8.22,8.22,0.1,0.05,0,11.2,NULL,NULL,NULL),
(412,412,64,255,1065,15.46,20.9,87.63,0,0,0.75,7.09,21.5,0.01,154.19,0.71,68.27,190.19,0.05,1.31,6.59,6.59,6.59,0.09,0.06,0,3.4,NULL,NULL,NULL),
(413,413,56,233,974,29.18,12.01,145.11,0,0,1.49,12.25,17.23,0,281.34,1.17,106.08,382.21,0.07,2.18,10.7,10.7,10.7,0.1,0.05,0,10.2,NULL,NULL,NULL),
(414,414,73,162,677,17.57,9.62,84.09,0,0,0.88,6.29,26.33,0.02,187.29,0.9,79.75,241.09,0.06,1.67,3.92,3.92,3.92,0.12,0.06,0,4.06,NULL,NULL,NULL),
(415,415,64,215,899,13.16,16.18,70.01,4.15,0,2.91,34.06,24.52,0.36,140.72,1.89,869.46,382.59,0.16,1.7,0,NULL,NULL,0.06,0.08,0.04,3.53,NULL,NULL,NULL),
(416,416,52,258,1081,19.97,17.01,48.9,6.32,0,4.24,62.39,59.7,0.52,324.46,3.02,1251.8,660.09,0.17,3.18,0,NULL,NULL,0.13,0.06,0,2.73,NULL,NULL,NULL),
(417,417,59,210,878,13.16,12.43,58.53,11.33,0,3.85,56.21,47.57,0.4,262.67,2.64,1090.33,537.56,0.18,3.02,0,NULL,NULL,0.18,0.06,0,5.77,NULL,NULL,NULL),
(418,418,65,218,913,14.24,17.44,64.13,0,0,3.28,10.84,18.97,0.05,181.51,0.47,1125.81,279.73,0.05,0.69,0,NULL,NULL,0.11,0.05,0,4.6,NULL,NULL,NULL),
(419,419,60,245,1027,18.32,18.54,75.79,0,0,3.79,15.48,29.19,0.1,262.07,0.79,1373.89,363.79,0.04,1.16,0,NULL,NULL,0.11,0.05,0,5.67,NULL,NULL,NULL),
(420,420,59,244,1019,18.19,18.4,80.48,0,0,3.82,13.93,21.1,0.1,228.02,0.72,1351.49,356,0.09,1.03,0,NULL,NULL,0.12,0.04,0,5.97,NULL,NULL,NULL),
(421,421,62,227,951,16.06,17.58,52.93,0,0,3.21,6.13,14.05,0.01,157.48,0.44,1175.72,316.33,0.04,1.36,0,NULL,NULL,0.49,0.05,0,2.6,NULL,NULL,NULL),
(422,422,55,280,1170,20.45,21.31,74.71,0,0,3.86,8.48,18.22,0.01,210.78,0.87,1431.59,408.94,0.06,3.08,0,NULL,NULL,0.41,0.07,0,5.83,NULL,NULL,NULL),
(423,423,50,296,1241,23.17,21.9,81.7,0,0,4,8.14,18.79,0.01,209.81,1.01,1455.86,426.6,0.07,3.48,0,NULL,NULL,0.4,0.07,0,6.6,NULL,NULL,NULL),
(424,424,56,269,1125,11.95,21.65,82.76,5.82,0,4.14,66.55,19.14,0.11,215.67,1.47,1212.17,247.28,0.08,1.02,24.55,NULL,NULL,0.14,0.06,0,3,NULL,NULL,NULL),
(425,425,65,163,682,26.2,5.68,91.24,0,0,2.23,13.84,11.54,0.02,197.36,0.59,627.88,175.12,0.03,1.21,0,0,0,0.06,0,0,6.23,NULL,NULL,NULL),
(426,426,78,94,392,18.08,1.83,68.16,0,0,2.46,9.88,18.84,0,216.67,0.87,710.68,281.35,0.36,1.44,0,0,0,0.06,0,0,4.23,NULL,NULL,NULL),
(427,427,68,164,687,21.5,8.02,56.38,0,0,0.99,6.11,24.07,0,195.16,0.53,54.29,334.99,0.07,1.43,0,0,0,0.9,0,0,2.65,NULL,NULL,NULL),
(428,428,47,311,1302,33.75,18.52,126.3,0,0,1.55,69.15,29.13,0.01,289.87,0.82,63.03,403.51,0.07,2.16,9.74,9.74,9.74,0.34,0,0,3.25,NULL,NULL,NULL),
(429,429,52,280,1172,28.89,17.38,81.68,0,0,1.25,34.31,24.74,0,229.44,0.86,51.45,366.42,0.06,2.35,0,0,0,0.77,0.14,0.03,1.92,NULL,NULL,NULL),
(430,430,37,402,1683,30.22,30.28,112.86,0,0,1.37,16.77,14.04,0,200.78,1.04,62.68,245.97,0.07,3.1,0,0,0,0.71,0.05,0,10.63,NULL,NULL,NULL),
(431,431,61,256,1069,18,19.82,68.83,0,0,0.92,14.53,17.97,0,159.08,0.9,87.98,248.23,0.05,2.27,0,0,0,0.62,0,0,8.27,NULL,NULL,NULL),
(432,432,57,210,880,35.73,6.4,103.08,0,0,1.37,19.51,18.14,0,238.36,0.46,38.92,311.14,0.03,1.76,0,0,0,0.75,0.07,0.11,12.43,NULL,NULL,NULL),
(433,433,68,176,735,22.6,8.77,55.39,0,0,1.03,4.16,23.92,0,194.52,0.47,53.07,334.38,0.01,0.93,0,0,0,0.95,0,0,13.83,NULL,NULL,NULL),
(434,434,60,258,1082,18.52,19.89,83.01,0,0,2.04,5.44,2.07,0.01,30.79,1.41,615.6,228.46,0.23,0.57,0,0,0,0.07,0.03,0,0,NULL,NULL,NULL),
(435,435,49,262,1097,32.13,13.86,109.8,0,0,1.45,17.59,27.35,0.01,247.09,1.25,62.41,395.19,0.09,3.25,0,0,0,0.77,0.09,0,6.57,NULL,NULL,NULL),
(436,436,67,186,778,20.13,11.1,58.69,0,0,1.02,12.94,22.88,0,192.48,0.89,101.89,255.58,0.16,1.73,0,0,0,1.06,0.06,0,5.67,NULL,NULL,NULL),
(437,437,44,377,1579,15.58,34.47,89.09,0,0,3.5,21.63,3.6,0.01,42.39,0.62,1157.67,23.76,0.05,1.41,0,0,0,0.2,0.06,0,1.43,NULL,NULL,NULL),
(438,438,74,128,535,14.37,6.77,39.51,1.4,0,3.51,12.48,17.04,0.04,273.87,0.68,1020.77,294.58,0.04,1.32,0,NULL,NULL,0.62,0.03,0,3.78,NULL,NULL,NULL),
(439,439,77,94,392,14.29,2.71,35.77,2.15,0,3.68,23.27,17.51,0.04,244.06,0.83,1039.19,307.3,0.04,1.46,0,NULL,NULL,0.5,0.03,0,4,NULL,NULL,NULL),
(440,440,69,136,570,14.59,2.68,33.73,12.86,1.9,0.85,15.62,36.08,0.76,174.37,2.15,39.89,287.78,0.51,4.12,0,NULL,NULL,0.04,0.04,0,1.81,0,NULL,NULL),
(441,441,75,109,458,12.35,1.67,26.93,10.77,1.65,0.7,12.09,25.69,0.39,125.79,1.65,38.77,241.74,0.13,2.75,0,NULL,NULL,0.09,0.03,0,1.2,0,NULL,NULL),
(442,442,54,254,1062,14.89,15.8,37.77,12.34,NULL,3.01,21.73,38.77,0.72,165.83,1.95,835.83,322.47,0.16,2.78,0,NULL,NULL,0.12,0.1,0,1.5,0,NULL,NULL),
(443,443,35,398,1665,25.81,30.64,85.09,2.91,0,5.94,87.02,29.92,0.03,354.27,1.25,1574.17,548,0.05,3.15,0,NULL,NULL,0.88,0.23,0,12.49,NULL,NULL,NULL),
(444,444,28,593,2479,11.48,60.26,73.08,0,0,0.3,2.39,3.57,0,35.36,0.44,49.59,57.57,0.11,0.21,0,0,0,0,0,0,5.1,NULL,NULL,NULL),
(445,445,6,697,2914,27.28,64.31,89.46,0,0,0.73,9.44,9.46,0.01,94.72,0.87,124.85,170.86,0.1,0.84,0,0,0,0,0,0,5.03,NULL,NULL,NULL),
(446,446,88,55,231,2.13,1.91,5.37,7.57,0.29,0.7,88.63,8.59,0,63.1,0,46.26,62.26,0.02,0.24,0,NULL,NULL,0.03,0.14,0,0.33,2.05,NULL,NULL),
(447,447,71,221,927,1.51,22.48,66.48,4.51,0,0.61,82.73,7.54,0.01,118.46,0.3,51.72,118.65,0.02,0.29,127.67,NULL,NULL,0,0.1,0,0,0,NULL,NULL),
(448,448,90,51,215,4.06,3.04,13.78,1.92,0,0.94,143.1,11.25,0,119.04,0,51.62,71.28,0.02,0.44,22.5,NULL,NULL,0.04,0.22,0,0,0.93,NULL,NULL),
(449,449,89,41,174,3.83,0.32,3.33,5.77,0,0.86,156.96,11.98,0,109.68,0,59.64,182.13,0,0.51,0,NULL,NULL,0,0.22,0,0,0.35,NULL,NULL),
(450,450,0,0,0,0,0,5.63,0,0,0,0,0,0,0,0,0,0,0,0,0,NULL,NULL,0,0,0,0,NULL,NULL,NULL),
(451,451,85,70,291,2.71,2.33,7.49,9.69,0.22,0.63,101.03,8.04,0,73.48,0,37.66,52.35,0.02,0.3,27.03,NULL,NULL,0.03,0.12,0.02,0,0,NULL,NULL),
(452,452,85,68,284,2.53,2.34,8.4,9.43,0.72,0.64,95.05,7.96,0,65.55,0.05,36.96,52.09,0.02,0.3,21.28,NULL,NULL,0.02,0.1,0,0.38,0,NULL,NULL),
(453,453,27,313,1308,7.67,6.74,27.64,57,0,1.63,246.27,21.98,0,187.18,0.13,93.8,328.93,0.03,0.86,52.95,NULL,NULL,0.06,0.33,0.57,0,2.14,NULL,NULL),
(454,454,87,66,278,3.07,3.75,13.99,5.25,0,0.86,112.25,9.8,0,113.2,0.1,73.95,139.99,0.04,0.35,34.74,NULL,NULL,0,0.14,0,0,0,NULL,NULL),
(455,455,81,83,347,2.1,2.17,6.08,14.16,0.65,0.68,69.79,12.88,0.05,70.87,0.46,71.74,155.24,0.04,0.31,38.94,NULL,NULL,0.07,0.29,0.14,1.23,3.26,NULL,NULL),
(456,456,3,362,1513,34.69,0.93,24.79,53.04,0,8.23,1363.17,108.71,0,1673.43,0.93,431.67,1555.66,0.16,3.84,299.46,NULL,NULL,0.32,1.2,0,0.81,NULL,NULL,NULL),
(457,457,0,0,0,0,0,3.75,0,0,0.83,133.81,10.23,0,85.37,0,51.14,140.03,0.02,0.38,0,NULL,NULL,0.04,0.26,0,1.49,0,NULL,NULL),
(458,458,0,0,0,0,0,10.49,0,0,0.76,122.58,9.64,0,81.98,0,63.76,133.19,0.02,0.38,20.9,NULL,NULL,0.04,0.24,0,1.52,0,NULL,NULL),
(459,459,3,497,2078,25.42,26.9,85.26,39.18,0,5.8,890.27,77.43,0,1242.28,0.52,323.2,1131.66,0.11,2.73,361.06,NULL,NULL,0.24,1.03,0,0,0,NULL,NULL),
(460,460,82,70,291,1.89,0.1,1.85,15.67,0,0.45,71.53,6.23,0.02,62.81,0,33.43,94.48,0.01,0.26,0,NULL,NULL,0.08,0.11,0,0,0.49,NULL,NULL),
(461,461,56,264,1106,17.41,20.18,62,3.24,0,3.04,579.25,6.88,0.02,123.31,0.93,31.23,104.85,0,0.29,160.51,NULL,NULL,0,0.25,0,0,0,NULL,NULL),
(462,462,47,321,1342,21.21,24.61,76.3,3.57,0,3.49,695.92,27.07,0.02,402.53,0.22,501.17,119.98,0.07,2.68,111.33,NULL,NULL,0.03,0.32,0,0,NULL,NULL,NULL),
(463,463,45,330,1380,22.65,25.18,79.58,3.05,0,3.78,875.04,23.57,0.03,470,0.31,581.36,61.89,0.08,3.52,109,NULL,NULL,0,0.2,0,0,NULL,NULL,NULL),
(464,464,21,453,1895,35.55,33.53,105.84,1.66,0,8.01,991.97,33.37,0.05,744.62,0.53,1844.08,96.24,0.17,4.36,66.15,NULL,NULL,0,0.44,0.23,0,0,NULL,NULL),
(465,465,54,303,1268,9.36,27.44,82.16,5.68,0,3.11,323.3,16,0.01,577.94,0.27,780.43,193.72,0.05,1.3,57.31,NULL,NULL,0,0.2,0,0,0,NULL,NULL),
(466,466,72,121,507,5.79,2.84,12.07,18.46,0,0.7,730.93,26.51,0.02,448.46,0.14,412.47,121.46,0.01,2.66,272.66,NULL,NULL,0.22,0.27,0.21,2.68,0,NULL,NULL),
(467,467,42,360,1506,22.66,29.11,90.9,1.88,0,3.91,939.99,28.27,0.03,460.84,0.28,579.77,73.47,0.1,3.46,122.67,NULL,NULL,0,0.22,0,0,NULL,NULL,NULL),
(468,468,62,257,1074,9.63,23.44,73.67,2.43,0,2.03,259.47,11.63,0.02,447.88,0.12,557.92,93.06,0.05,1.28,194.59,NULL,NULL,0,0.19,0,0,0,NULL,NULL),
(469,469,74,140,585,12.6,8.11,48.7,3.79,0,1.93,253.24,11.81,0,161.52,0.14,282.58,112.38,0,0.46,52.85,NULL,NULL,0,0.15,0,0,0,NULL,NULL),
(470,470,94,26,107,0,0,0,6.4,0,0.09,1.23,0,0,8.97,0.67,44.08,13.03,0,0,0,NULL,NULL,NULL,NULL,NULL,NULL,NULL,NULL,NULL),
(471,471,97,9,38,0.71,0.07,0,1.48,0,0.37,3.16,9.66,0.04,9.5,0,1.03,155.7,0.01,0,0,NULL,NULL,NULL,NULL,NULL,NULL,NULL,NULL,NULL),
(472,472,NULL,216,902,NULL,NULL,0,NULL,0,NULL,0,0,0,0,0,3.15,0,0.06,0,0,NULL,NULL,0,0,0,0,NULL,NULL,NULL),
(473,473,82,65,273,0,0,0,18.15,0.14,0.12,9.08,11.97,0.21,4.78,0.75,0,17.97,0.01,0.05,0,NULL,NULL,0,0,0.03,0,2.78,NULL,NULL),
(474,474,92,41,170,0.56,0,0,3.32,0,0.12,4.99,6.74,0.01,19,0,4.23,29.47,0,0,0,NULL,NULL,0,0,0.14,2.92,0,NULL,NULL),
(475,475,100,1,6,0,0,0,0.39,0,0,1.93,0.88,0.01,0.65,0,0.63,9.93,0.01,0,0,NULL,NULL,1.23,0.23,NULL,NULL,NULL,NULL,NULL),
(476,476,99,3,11,0,0.05,0,0.64,0,0,0.64,2.04,0.27,0,0,0,5.34,0,0,0,NULL,NULL,0.89,0,NULL,NULL,NULL,NULL,NULL),
(477,477,99,2,9,0,0,0,0.63,0,0,0.25,0.96,0.09,1.51,0,0,13.44,0,0,0,NULL,NULL,3.11,0.48,NULL,NULL,NULL,NULL,NULL),
(478,478,94,22,90,0,0,0,5.28,0.13,0.46,18.84,5.16,0.25,3.76,0,1.78,161.65,0,0,0,NULL,NULL,0.01,0,0,0,2.41,NULL,NULL),
(479,479,92,31,129,0,0,0,7.95,0,0.04,1.08,0,0,0.15,0,8.29,1.51,0,0,0,NULL,NULL,NULL,NULL,NULL,NULL,NULL,NULL,NULL),
(480,480,91,34,140,0,0,0,8.66,0,0.06,1.37,0,0,16.68,0,7.12,0.91,0,0,0,NULL,NULL,NULL,NULL,NULL,NULL,NULL,NULL,NULL),
(481,481,90,39,162,0,0,0,10,0,0.04,1.41,0,0,0,0,9.01,1.38,0,0,0,NULL,NULL,NULL,NULL,NULL,NULL,NULL,NULL,NULL),
(482,482,88,46,191,0,0,0,11.79,0,0.04,2.34,1.21,0,1.47,0,9.27,15.5,0,0,0,NULL,NULL,NULL,NULL,NULL,NULL,NULL,NULL,NULL),
(483,483,90,40,166,0,0,0,10.26,0,0.05,1.75,0.53,0,0,0,8.8,4.27,0,0,0,NULL,NULL,NULL,NULL,NULL,NULL,NULL,NULL,NULL),
(484,484,60,268,1121,15.57,22.01,383.83,0.44,0,1.49,165.73,14.27,0.03,313.61,1.37,216.05,126.93,0.03,1.36,58.75,NULL,NULL,0.03,0.24,0,0,0,NULL,NULL),
(485,485,72,177,740,13.69,12.68,568,0.77,0,1.19,78.73,11.06,0,279.44,3.35,128.99,78.73,0.04,2.05,305.17,NULL,NULL,0.11,0.12,0,0.97,NULL,NULL,NULL),
(486,486,85,59,249,13.45,0.09,0,0,0,0.67,6.23,11.01,0,15.43,0.08,180.54,145.87,0.03,0,0,NULL,NULL,0,0.08,0,0,NULL,NULL,NULL),
(487,487,50,353,1476,15.9,30.78,1272.37,1.56,0,1.74,114.43,9.37,0.06,385.75,2.92,44.91,87.38,0,2.87,148.48,NULL,NULL,0.18,0.22,0,0,NULL,NULL,NULL),
(488,488,76,146,610,13.29,9.48,396.57,0.61,0,0.85,49.22,11.24,0.02,184.19,1.52,145.9,138.9,0.04,1.24,32.44,NULL,NULL,0.08,0.3,0,0,NULL,NULL,NULL),
(489,489,76,143,599,13.03,8.9,355.94,1.64,0,0.83,42.02,12.66,0,164.35,1.56,167.91,150,0.06,1.08,78.83,NULL,NULL,0.07,0.58,0,0.75,NULL,NULL,NULL),
(490,490,63,240,1005,15.62,18.59,516.26,1.19,0,1.1,72.89,16.25,0.03,422.41,2.1,166.11,184.01,0.04,1.46,93.89,NULL,NULL,0.06,0.32,0,0,0,NULL,NULL),
(491,491,1,401,1678,4.2,2.17,0,91.18,3.89,1.35,44.4,76.74,0.55,199.97,5.36,64.79,496.45,0.56,1.04,795.85,NULL,NULL,1.38,1.02,1.52,4.99,0,NULL,NULL),
(492,492,0,387,1619,0.32,0,0,99.61,0,0,7.59,1.01,NULL,0,0.16,0,2.56,0,0,0,NULL,NULL,NULL,NULL,NULL,NULL,NULL,NULL,NULL),
(493,493,3,369,1542,0.76,0.09,0,94.45,0,1.38,126.53,79.95,2.03,38.16,8.3,25.2,521.63,0.17,0.48,0,NULL,NULL,0,0.03,0,0,0,NULL,NULL),
(494,494,0,387,1617,0.32,0,0,99.54,0,0,3.5,0.55,NULL,0,0.11,12.16,6.35,0,0,0,NULL,NULL,NULL,NULL,NULL,NULL,NULL,NULL,NULL),
(495,495,1,540,2258,7.22,30.27,16.52,59.58,2.17,1.68,191.19,57.1,0.3,212.11,1.58,77.1,354.51,0.31,1.06,0,NULL,NULL,0.05,0.22,0.59,0.63,0,NULL,NULL),
(496,496,1,559,2338,7.41,34.19,15.5,55.38,2.46,1.81,171.23,79.57,0.36,302.52,1.47,64.05,430.92,0.45,1.3,36.15,NULL,NULL,0.04,0.24,0,1.37,1.42,NULL,NULL),
(497,497,2,557,2330,6.9,33.77,12.96,56.32,2.85,1.28,187.89,67.21,0.41,276.47,3.31,84.71,458.4,0.43,1.12,7.04,NULL,NULL,0.31,0.25,0,0.79,2.05,NULL,NULL),
(498,498,1,475,1987,4.86,29.86,2.22,62.42,4.94,1.84,44.67,107.36,0.83,219.98,3.61,8.87,431.7,0.77,1.52,0,NULL,NULL,0.2,0.04,0,1.06,2.1,NULL,NULL),
(499,499,3,449,1878,1.12,13.59,0,81.38,3.57,0.48,7.06,17.41,0.36,396.41,1.24,28.99,183.07,0.2,0.41,0,NULL,NULL,0,0,0.16,0.47,0,NULL,NULL),
(500,500,44,199,832,0.92,0.21,0,54.61,2.28,0.38,12.99,5.52,0.01,13.74,0.85,0,136.75,0,0,0,NULL,NULL,0.08,0,0.04,0,0.11,NULL,NULL),
(501,501,28,306,1282,5.48,5.99,20.06,59.49,0,1.54,195.1,16.26,0.01,140.78,0.07,120.09,259.46,0.02,0.53,35.64,35.64,35.64,0.05,0.26,0,0,0,NULL,NULL),
(502,502,73,106,444,2.13,0.07,0,24.23,0,0.09,3.52,0.75,0,0,0.12,42.68,2.01,0,0,0,NULL,NULL,0.19,0,0.22,0,0,NULL,NULL),
(503,503,20,292,1222,0,0,0,79.38,0,0.21,5.67,1.9,0,4.78,0.05,58.93,5.06,0,0,0,NULL,NULL,NULL,NULL,NULL,NULL,NULL,NULL,NULL),
(504,504,22,301,1260,3.81,0.19,0,73.55,0.67,0.87,13.36,6.89,0.06,4.35,0.39,15.31,23.56,0.2,0.09,0,NULL,NULL,0.04,0,0,0,0,NULL,NULL),
(505,505,21,307,1283,3.93,0.09,0,75.06,0.64,0.18,19.46,5.99,0.09,5.42,0.47,14.29,35.96,0.03,0.09,0,NULL,NULL,0.04,0,0,0,0,NULL,NULL),
(506,506,28,257,1076,0.4,0.14,0,70.76,4.07,0.2,11.32,5.8,0.06,19.62,0.73,10.88,83.15,0.09,0.08,0,NULL,NULL,0,0,0,0,0,NULL,NULL),
(507,507,16,309,1294,0,0,0,84.03,0,0.14,10.2,5.51,0.38,3.89,0.25,6.04,99.32,0,0.17,0,NULL,NULL,0.11,0,0,0,0.74,NULL,NULL),
(508,508,22,297,1241,0,0,0,76.62,0,1.3,102.06,115.14,2.62,73.61,5.39,4.01,395.06,0.84,0.27,0,NULL,NULL,0,0.05,0.2,0,0,NULL,NULL),
(509,509,24,411,1721,4.74,24.43,271.02,46.3,3.22,0.61,37.18,14.9,0.25,167.91,1.38,27.37,111,0.1,1.11,75.98,NULL,NULL,0,0.04,0.04,1.14,0,NULL,NULL),
(510,510,7,352,1473,0.99,0.07,0,90.79,0,1.05,30.49,47.18,1.66,21.3,4.44,21.71,458.87,0.17,0.56,0,NULL,NULL,0,0,0.04,0,0,NULL,NULL),
(511,511,3,419,1752,14.7,11.95,0,65.75,51.23,4.67,106.89,165.12,2.58,169.48,8.13,1.13,1608.58,1.3,0.52,0,NULL,NULL,0,0,0,11.89,0,NULL,NULL),
(512,512,3,417,1746,11.31,8.63,28.9,73.61,2.44,3.84,466.59,70.85,0.17,357.61,2.28,382.29,885.8,0,1.14,51.53,NULL,NULL,0,1.41,0,0,0,NULL,NULL),
(513,513,7,90,375,0.48,0.07,0,43.91,0,48.46,NULL,NULL,NULL,NULL,NULL,10052.4,NULL,NULL,NULL,0,NULL,NULL,NULL,NULL,NULL,NULL,NULL,NULL,NULL),
(514,514,72,90,376,16.96,1.52,0,7.7,4.17,1.93,18.01,38.45,0.2,418.66,2.62,39.61,576.24,0.29,11,0,NULL,NULL,0.3,0.36,0,0,0,NULL,NULL),
(515,515,1,380,1591,8.89,0,0,89.22,0,0.62,26.84,2.31,0.03,1.99,0.33,234.92,7.25,0,0,0,NULL,NULL,0,0,0,0,40,NULL,NULL),
(516,516,1,0,0,0,0,0,0,0,99.4,NULL,NULL,NULL,NULL,NULL,23431.5,20467.6,NULL,NULL,0,NULL,NULL,NULL,NULL,NULL,NULL,NULL,NULL,NULL),
(517,517,0,0,0,0,0,0,0,0,NULL,NULL,NULL,NULL,NULL,NULL,39943.2,NULL,NULL,NULL,0,NULL,NULL,NULL,NULL,NULL,NULL,NULL,NULL,NULL),
(518,518,71,61,255,3.31,0.33,0,11.65,0,14.09,14.53,23.63,0.07,47.04,0.5,5024.21,165.18,0,0.19,0,NULL,NULL,0.83,0.06,0.15,2.1,0,NULL,NULL),
(519,519,8,21,89,2.67,0.26,0,2.07,0.56,87.35,NULL,NULL,NULL,NULL,NULL,32560,NULL,NULL,NULL,0,NULL,NULL,NULL,NULL,NULL,NULL,NULL,NULL,NULL),
(520,520,68,194,812,1.16,20.35,0,5.54,4.56,4.48,58.75,4.76,0.06,16,5.45,1566.66,78.57,0.25,0.29,0,NULL,NULL,0,0,0.04,0,0,NULL,NULL),
(521,521,76,137,573,0.95,14.22,0,4.1,3.85,4.48,45.64,3.94,0.03,5.36,0.18,1347.18,19.81,0.14,0.08,0,NULL,NULL,0,0,0,0,0,NULL,NULL),
(522,522,55,315,1318,0.53,27.27,0,16.86,0,0.21,2.27,0.85,0,15.65,0,109.7,5.11,0.01,0.07,0,NULL,NULL,0.07,0,0,0,NULL,NULL,NULL),
(523,523,78,166,695,1.01,18.36,0,2.19,0.68,0.44,5.85,16.83,0.24,25.52,0.46,44.29,143.67,0.16,0.32,0,NULL,NULL,0,0,0,0,0,NULL,NULL),
(524,524,58,302,1264,0.58,30.5,42.47,7.9,0,2.6,3.48,0.86,0,14.45,0.1,786.83,16.09,0,0.06,8,NULL,NULL,0,0.05,0,0,0,NULL,NULL),
(525,525,50,289,1210,8.35,19.93,25.46,19.11,9.36,2.15,124.42,51.12,0.59,141.56,1.93,304.89,353.66,0.23,1.19,0,NULL,NULL,0.06,0,0,0,NULL,NULL,NULL),
(526,526,68,154,643,10.83,7.12,36.09,11.58,1.5,2.43,13.26,9.29,0.18,47.64,0.96,1621.73,87.15,0.08,2.67,0,NULL,NULL,0.03,0,0.07,1.6,NULL,NULL,NULL),
(527,527,69,136,568,6.24,3.23,4.1,20.42,5.07,1.06,33.3,18.68,0.27,71.68,0.56,93.3,157.31,0.08,0.6,0,NULL,NULL,0.04,0,0.04,0,0,NULL,NULL),
(528,528,71,165,690,18.27,9.53,60.11,0.24,0.15,0.79,14.51,21.37,0.05,169.31,2.44,47.63,294.56,0.17,4.83,0,NULL,NULL,0.03,0.04,0,2.09,0,NULL,NULL),
(529,529,54,291,1219,23.66,21.15,256.63,0,0,1.12,25.98,19.49,0.02,215.82,2.1,82.87,272.23,0.06,3.21,36.8,NULL,NULL,0.05,0.1,0,2.92,NULL,NULL,NULL),
(530,530,42,274,1144,8.04,8.29,70.3,41.68,2.74,0.49,23.57,13.45,0.42,87.27,2.12,58.86,96.45,0.13,0.86,0,NULL,NULL,0.08,0.05,0,0,0,NULL,NULL),
(531,531,82,101,422,7.94,5.97,116.78,3.17,0.39,0.93,42.68,14.86,0.11,244.09,1.42,84.79,139.14,0.07,0.47,0,NULL,NULL,0,0,0,0.31,4.07,NULL,NULL),
(532,532,82,78,327,6.78,1.12,21.34,10.13,1.46,0.42,22.89,13.46,0.22,67.89,0.86,12.1,184.03,1.45,1.75,0,NULL,NULL,0.03,0,0,0.32,4.77,NULL,NULL),
(533,533,71,113,475,2.16,0.68,0,25.28,2.05,0.75,1.54,2.72,0.02,23.18,0.17,247.67,10.85,0,0.2,0,NULL,NULL,0,0,0.06,0,0,NULL,NULL),
(534,534,69,142,595,2.56,4.65,15.05,22.51,2.43,1.34,14.16,5.1,0.06,25.95,0.33,235.71,52.93,0.05,0.21,0,NULL,NULL,0,0,0,0.93,0,NULL,NULL),
(535,535,81,80,335,5.64,3.59,58.39,5.74,3.02,4.03,105.48,33.58,0.23,111.13,0.94,1344.29,124.06,0.17,0.57,0,32.58,16.29,0.04,0,0.03,1.1,10.28,NULL,NULL),
(536,536,75,125,521,19.77,4.44,144.02,0,0,0.29,11.34,8.25,0.11,57.12,1.01,28.77,57.58,0.06,2.72,0,NULL,NULL,0,0,0,4.27,NULL,NULL,NULL),
(537,537,70,173,724,15.03,10.8,66.22,2.98,NULL,1.06,28.32,21.51,0.03,185.57,2.7,122.85,322.31,0.14,2.04,27.63,NULL,NULL,0.06,0.05,0,3.25,0,NULL,NULL),
(538,538,71,157,656,17.55,7.96,79.96,2.59,NULL,1,26.05,24.76,0.03,195.16,1.52,99.46,307.09,0.12,0.58,28.22,NULL,NULL,0.07,0.04,0.03,3.37,0,NULL,NULL),
(539,539,62,152,634,10.17,6.79,67.88,19.58,3.57,1.79,41.2,36.11,0.38,199.26,2.16,365.07,348.93,0.22,1.45,8.77,NULL,NULL,0,0,0,1.44,0,NULL,NULL),
(540,540,72,117,489,8.67,6.48,21.96,11.64,5.09,1.41,32.38,31.85,0.24,105.46,1.35,278.22,303.49,0.15,0.83,0,NULL,NULL,0.08,0.03,0,0.93,0,NULL,NULL),
(541,541,80,113,472,9.7,6.17,50.42,4.06,0.22,0.55,12.99,16.09,0.09,166.84,0.84,28.81,256.37,0.02,0.5,8.09,NULL,NULL,0.03,0,0,1.64,5.28,NULL,NULL),
(542,542,71,120,500,4.93,0.89,6.93,22.52,0.78,0.24,10.55,9.98,0.22,53.96,1.39,8.94,83.57,0.09,0.75,0,NULL,NULL,0.04,0,0,1.44,0,NULL,NULL),
(543,543,76,134,562,9.96,8.7,42.77,3.42,2.16,1.53,65.98,23.65,0.6,54.88,3.22,406.7,147.71,0.16,2.03,0,221.88,110.94,0.04,0.07,0.05,2.58,0,NULL,NULL),
(544,544,81,86,361,8.56,2.67,0,6.64,1.67,1.02,7.68,10.4,0.05,42.53,0.78,246.61,152.81,0.61,1.64,0,104.92,52.46,0,0.03,0.04,NULL,0,NULL,NULL),
(545,545,82,96,402,1.05,7.04,7.2,8.92,2.22,0.95,12.13,8.71,0.1,22.27,0.23,228.43,141.29,0.04,0.16,0,282.75,141.38,0.04,0,0.04,0,0,NULL,NULL),
(546,546,90,35,148,2.01,0.31,0,7.09,2.51,0.61,32.9,18.58,0.24,44.79,0.44,2.51,244.3,0.17,0.3,0,510,255,0.05,0.03,0.03,0,29.35,NULL,NULL),
(547,547,73,148,619,13.93,7.84,52.52,4.57,0.41,1.14,9.41,13.25,0.03,102.58,0.32,248.35,148.97,0.08,0.39,0,14.5,7.25,0.05,0,0,1.48,9.26,NULL,NULL),
(548,548,75,123,515,18.47,4.42,315.36,1.09,NULL,1.06,12.23,12.8,0.1,163.5,7.18,215.62,198.76,1.48,1.77,1463.67,NULL,NULL,0,0.11,0,3.84,0,NULL,NULL),
(549,549,86,57,240,2.05,1.21,0,10.58,2.08,0.39,18.85,17.98,0.37,35.47,0.55,1.19,187.63,0.12,0.58,0,NULL,NULL,0.03,0,0,0.6,16.22,NULL,NULL),
(550,550,85,47,196,6.96,0.36,70.56,3.39,0.21,4.1,44.82,29.9,0.12,89.17,0.95,1349.06,240.18,0.22,0.79,0,35.36,17.68,0.05,0,0,NULL,0,NULL,NULL),
(551,551,25,348,1455,0.09,10.91,31.19,63.59,0,0.51,30.03,3.22,0.06,8.43,0.24,157.52,19.31,0.01,0.04,75.27,NULL,NULL,0,0,0,0,0,NULL,NULL),
(552,552,92,27,114,2.06,0.28,0,4.74,0.23,1.04,28.26,42.49,0.52,30.81,1.15,5.13,390.84,0.12,0.85,0,50.58,25.29,0,0,0.05,0,46.4,NULL,NULL),
(553,553,75,145,606,5.12,9.32,18.59,10.06,2.34,0.54,62.66,15.75,0.04,71.77,0.73,25.63,219.81,0.12,1.2,0,NULL,NULL,0,0,0,0.77,0,NULL,NULL),
(554,554,58,255,1066,6,23.23,44.45,9.75,1.7,2.67,46.82,39.32,0.48,108.44,1.44,879.85,209.41,0.28,0.85,0,NULL,NULL,0,0,0,1.8,0,NULL,NULL),
(555,555,49,307,1284,10.18,25.59,65.84,14.11,2.16,1.53,40.71,21.81,0.15,135.49,1.05,345.53,237.26,0.07,1.04,10.17,NULL,NULL,0.14,0.05,0,2.6,0,NULL,NULL),
(556,556,69,113,472,7.52,2.61,0,18.25,1.06,2.25,13.95,13.34,0.15,83.03,0.62,793.76,158.57,0.06,0.68,0,62,31,0.16,0,0,2.09,0,NULL,NULL),
(557,557,6,544,2276,27.19,43.85,0,20.31,8.04,2.22,0,170.51,1.96,407.2,2.53,0,580.44,0.78,3.17,0,NULL,NULL,0.1,0.03,0.76,10.18,0,NULL,NULL),
(558,558,2,606,2535,22.48,53.96,0,18.7,7.76,3.17,39.43,159.34,1.7,260.76,1.33,375.73,495.67,0.68,2.12,0,NULL,NULL,0.08,0,0.21,7.47,0,NULL,NULL),
(559,559,77,88,367,7.45,0.47,0,14.23,9.72,1.01,24.44,41.76,0.4,151.98,1.44,0,310.98,0.2,1.23,0,NULL,NULL,0.27,0.07,0.06,1.16,12.44,NULL,NULL),
(560,560,80,74,309,4.6,0.38,0,13.44,5.08,1.44,22.22,23.19,0.46,78.51,1.39,372.11,147.12,0.14,0.88,0,9.17,4.58,0.07,0.03,0,0,NULL,NULL,NULL),
(561,561,80,76,320,4.78,0.54,0,13.59,8.51,0.74,26.59,42.34,0.28,86.85,1.29,1.76,254.62,0.19,0.7,0,NULL,NULL,0.04,0,0,0,0,NULL,NULL),
(562,562,14,329,1377,19.98,1.26,0,61.22,18.42,3.54,122.57,209.95,1.02,385.38,7.99,0,1352.46,0.79,2.9,0,NULL,NULL,0.17,0,0.65,4.02,NULL,NULL,NULL),
(563,563,80,78,326,5.09,0.64,0,13.5,7.47,0.75,17.45,38.12,0.53,84.59,1.06,0.98,252.98,0.1,1.12,0,NULL,NULL,0.12,0,0,0,0,NULL,NULL),
(564,564,13,339,1419,20.21,2.37,0,61.24,23.59,3.49,77.52,178.39,1.43,354.52,5.13,10.31,1082.74,0.7,3.88,0,NULL,NULL,0.14,0.03,0.26,0,0,NULL,NULL),
(565,565,76,93,388,6.14,0.51,0,16.5,13.87,1.01,29.4,44.1,0.32,121.01,1.92,0.52,347.72,0.24,1.01,0,NULL,NULL,0.13,0,0.04,0,0,NULL,NULL),
(566,566,14,328,1372,20.1,0.95,0,61.48,30.32,3.94,97.97,169.9,0.99,427.19,7.03,24.58,1275.95,0.95,3.01,0,NULL,NULL,0.1,0,0.12,0,0,NULL,NULL),
(567,567,80,77,322,4.48,0.54,0,14.01,8.4,0.76,29,40.37,0.37,88.03,1.47,1.85,256.37,0.2,0.72,0,NULL,NULL,0.06,0,0.03,0,0,NULL,NULL),
(568,568,15,324,1354,21.34,1.24,0,58.75,21.83,3.79,110.9,188.11,1.32,471.16,6.46,0,1415.68,0.83,2.85,0,NULL,NULL,0.12,0,0.59,4.6,NULL,NULL,NULL),
(569,569,78,85,354,5.54,0.4,0,15.27,9.32,0.93,29.19,41.71,0.29,112.93,1.36,0.69,314.58,0.23,0.92,0,NULL,NULL,0.09,0,0.04,0,0,NULL,NULL),
(570,570,15,326,1363,17.27,1.17,0,62.93,24.01,3.67,111.43,169.9,1.17,334.79,18.58,13.65,1134.54,0.84,2.6,0,NULL,NULL,0.07,0.03,0.07,0,0,NULL,NULL),
(571,571,83,68,284,4.54,0.48,0,11.82,4.76,0.58,19.24,42.96,0.46,89.51,1.18,2.08,240.57,0.09,1.31,0,NULL,NULL,0,0,0,3.69,0,NULL,NULL),
(572,572,12,337,1410,20.92,1.33,0,62.22,20.63,3.58,67.66,184.5,1.08,393.59,5.32,24.11,1108.66,0.6,3.98,0,NULL,NULL,0.16,0.03,0,3.92,0,NULL,NULL),
(573,573,80,77,322,5.72,0.54,0,12.91,11.51,0.85,22.53,34.39,0.32,106.33,1.41,1.46,268.09,0.22,1.01,0,NULL,NULL,0.15,0,0.03,0,0,NULL,NULL),
(574,574,13,331,1387,22.17,1.24,0,59.99,33.84,3.97,120.46,161.94,1.34,393.7,6.92,9.76,1221.4,1.04,3.29,0,NULL,NULL,0.26,0,0.08,0,0,NULL,NULL),
(575,575,12,355,1484,21.23,5.43,0,57.88,12.36,3.17,114.36,146.39,3.16,342.34,5.38,5.19,1115.7,0.67,3.19,0,NULL,NULL,0.52,0,0.75,0,0,NULL,NULL),
(576,576,11,344,1440,18.96,2.13,0,64,21.31,3.45,129.34,166,1.02,269.19,1.94,1.62,1214.8,0.57,2.02,0,NULL,NULL,1.06,0,0.07,2.69,1.47,NULL,NULL),
(577,577,76,93,388,6.31,0.52,0,16.3,7.86,0.61,16.1,21.65,0.29,103.74,1.48,1.18,219.9,0.17,1.13,0,NULL,NULL,0.03,0,0,0,0,NULL,NULL),
(578,578,11,339,1419,23.15,0.77,0,62,16.94,2.61,53.52,93.53,1.08,367.74,7.05,0,886.88,0.83,3.49,0,NULL,NULL,0.11,0,0.42,5.07,NULL,NULL,NULL),
(579,579,2,487,2037,16,26.08,0,52.38,7.32,3.75,22.48,100.67,1.06,198.5,1.13,166.84,347.6,0.38,1.56,0,NULL,NULL,0,0,1.2,0,0,NULL,NULL),
(580,580,3,503,2105,13.16,28.05,0,54.73,3.39,1.15,27.11,107.9,1.09,170.71,1.26,16.35,355.41,0.43,1.43,0,NULL,NULL,0.04,0.03,0.11,5.94,0,NULL,NULL),
(581,581,6,404,1690,36.03,14.63,0,38.44,20.18,5.15,206.02,241.9,2.87,539.25,13.06,5.75,1922.39,1.29,4.54,0,NULL,NULL,0.2,0.04,0.03,0,0,NULL,NULL),
(582,582,91,39,164,2.38,1.61,0,4.28,0.37,0.45,16.52,15.45,0.15,52.89,0.43,56.53,121.04,0.08,0.28,0,NULL,NULL,0,0,0,0,0,NULL,NULL),
(583,583,4,459,1920,35.69,26.18,0,28.48,7.31,5.18,359.04,215.62,2.68,646.55,7.01,83.47,1606.8,1.19,5.84,0,NULL,NULL,0,0.11,0.35,0,9.21,NULL,NULL),
(584,584,87,64,270,6.55,3.95,0,2.13,0.75,0.72,80.76,38.2,0.33,129.52,1.43,1.21,181.69,0.18,0.89,0,NULL,NULL,0.04,0,0.03,0,0,NULL,NULL),
(585,585,10,381,1595,33.58,10.34,0,43.79,32.31,2.6,176.75,121.43,0,264.68,2.79,3.29,708.32,0.79,4.24,0,NULL,NULL,0.24,0,0.07,0,24.97,NULL,NULL),
(586,586,68,121,505,11.11,3.78,0,12.39,14.44,5.03,15.54,3.52,0,39.72,0.34,1808.76,5.2,0.27,0.64,0,NULL,NULL,0,0,0,0,0,NULL,NULL),
(587,587,3,581,2430,18.55,47.32,0,29.55,11.64,1.47,236.7,222.1,1.95,493.06,3.06,278.52,639.6,0.93,2.58,0,NULL,NULL,0.29,0.16,0,0,0,NULL,NULL),
(588,588,3,570,2386,18.51,46.28,0,29.13,3.66,2.61,32.59,236.61,1.59,594.22,5.22,125,671.46,1.92,4.72,0,NULL,NULL,0.29,0.05,0.39,0,0,NULL,NULL),
(589,589,4,643,2690,14.54,63.46,0,15.08,7.93,3.4,146.34,365.12,1.1,853.28,2.31,0.65,650.99,1.79,4.22,0,NULL,NULL,0.3,0,0.44,0,0,NULL,NULL),
(590,590,43,406,1701,3.69,41.98,0,10.4,5.38,0.97,6.48,51.46,1,117.54,1.76,15.32,354.15,0.45,0.94,0,NULL,NULL,0,0,0.03,0,2.49,NULL,NULL),
(591,591,0,0,0,0,0,0,0,0,0,0,0,0,0,0,0,0,0,0,0,NULL,NULL,0,0,0,0,0,NULL,NULL),
(592,592,16,329,1376,1.41,0.2,0,79.17,17.86,3.4,60.95,39.35,0.38,25.56,18.33,12.46,362.07,0.22,0.34,0,NULL,NULL,0,0,0,2.58,0,NULL,NULL),
(593,593,4,584,2442,21.16,50.43,0,21.62,11.87,2.93,825.45,360.69,2.67,740.71,5.45,2.58,546.29,1.51,5.24,0,NULL,NULL,0.94,0,0.13,5.92,0,NULL,NULL),
(594,594,7,495,2072,14.08,32.25,0,43.31,33.5,3.67,211.5,346.92,2.81,615.18,4.7,8.67,869.29,1.09,4.39,0,NULL,NULL,0.12,0,0.13,0,0,NULL,NULL),
(595,595,51,174,730,2.98,0.75,0,43.92,15.6,1.84,15.77,52.97,0.41,165.84,0.76,0.86,727.01,0.18,0.83,0,NULL,NULL,0,0,0,0,27.69,NULL,NULL),
(596,596,54,219,914,2.52,12.76,0,29.57,4.25,0.69,27.59,25.29,0.13,48.77,0.52,0.91,303.36,0.28,0.29,0,875.44,437.72,0,0.09,0.03,0,2.18,NULL,NULL),
(597,597,6,620,2594,13.97,59.36,0,18.36,7.25,2.06,105.31,152.89,4.05,396.28,2.04,4.57,533.26,0.75,2.06,0,NULL,NULL,0.38,0,0.13,1.08,0,NULL,NULL);
/*!40000 ALTER TABLE `food_nutrients` ENABLE KEYS */;
UNLOCK TABLES;

--
-- Table structure for table `meal`
--

DROP TABLE IF EXISTS `meal`;
/*!40101 SET @saved_cs_client     = @@character_set_client */;
/*!40101 SET character_set_client = utf8 */;
CREATE TABLE `meal` (
  `id` int(11) NOT NULL AUTO_INCREMENT,
  `description` varchar(255) DEFAULT NULL,
  `meal_time` time DEFAULT NULL,
  `plan` int(11) NOT NULL,
  PRIMARY KEY (`id`),
  KEY `plan` (`plan`),
  CONSTRAINT `meal_ibfk_1` FOREIGN KEY (`plan`) REFERENCES `plan` (`id`)
) ENGINE=InnoDB DEFAULT CHARSET=utf8mb4 COLLATE=utf8mb4_unicode_520_ci;
/*!40101 SET character_set_client = @saved_cs_client */;

--
-- Dumping data for table `meal`
--

LOCK TABLES `meal` WRITE;
/*!40000 ALTER TABLE `meal` DISABLE KEYS */;
/*!40000 ALTER TABLE `meal` ENABLE KEYS */;
UNLOCK TABLES;

--
-- Table structure for table `plan`
--

DROP TABLE IF EXISTS `plan`;
/*!40101 SET @saved_cs_client     = @@character_set_client */;
/*!40101 SET character_set_client = utf8 */;
CREATE TABLE `plan` (
  `id` int(11) NOT NULL AUTO_INCREMENT,
  `name` varchar(255) NOT NULL,
  `description` varchar(255) NOT NULL,
  PRIMARY KEY (`id`)
) ENGINE=InnoDB DEFAULT CHARSET=utf8mb4 COLLATE=utf8mb4_unicode_520_ci;
/*!40101 SET character_set_client = @saved_cs_client */;

--
-- Dumping data for table `plan`
--

LOCK TABLES `plan` WRITE;
/*!40000 ALTER TABLE `plan` DISABLE KEYS */;
/*!40000 ALTER TABLE `plan` ENABLE KEYS */;
UNLOCK TABLES;

--
-- Dumping routines for database 'nutricao'
--
/*!40103 SET TIME_ZONE=@OLD_TIME_ZONE */;

/*!40101 SET SQL_MODE=@OLD_SQL_MODE */;
/*!40014 SET FOREIGN_KEY_CHECKS=@OLD_FOREIGN_KEY_CHECKS */;
/*!40014 SET UNIQUE_CHECKS=@OLD_UNIQUE_CHECKS */;
/*!40101 SET CHARACTER_SET_CLIENT=@OLD_CHARACTER_SET_CLIENT */;
/*!40101 SET CHARACTER_SET_RESULTS=@OLD_CHARACTER_SET_RESULTS */;
/*!40101 SET COLLATION_CONNECTION=@OLD_COLLATION_CONNECTION */;
/*!40111 SET SQL_NOTES=@OLD_SQL_NOTES */;

-- Dump completed on 2024-01-27 15:12:18
